Location,Year,Sample_date,Tissue,UCDavis,DFO_sample_id,csia_sample_id,sex,duplicate_in_year,duplicate_other_year,duplicate_id,wgs,genetic_group,pop_analysis,mean_se,Ala,Asx,Glx,Gly,His,Ile,Leu,Lys,Met,Phe,Pro,Ser,Thr,Tyr,Val
Pangnirtung,2013,2013-08-12,SKIN,CM118,ARPG-2013-01,Pang2013-01,F,0,0,Pang2013-01,1,ECAG2,1,mean,-19.63,-15.35,-17.56,-9.15,,-16.31,-26.89,,-21.08,-26.06,-12.17,,-6.5,,-20.97
Mittimatalik,2013,2013-08-11,SKIN,CM119,ARPI-2013-01,ARPI4001,F,0,1,ARPI4001,1,ECAG1,1,mean,-18.16,-11.99,-14.91,-5.17,,-14.62,-24.23,,-21.16,-25.4,-11.43,,-6.16,,-18.69
Mittimatalik,2013,2013-08-11,SKIN,CM121,ARPI-2013-03,ARPI4003,F,1,0,ARPI4003,1,ECAG1,,mean,-17.45,-13.69,-14.37,-5.37,,-14.5,-23.84,,-21.64,-25.19,-11.12,,-6.07,,-18.31
Mittimatalik,2013,2013-08-11,SKIN,CM122,ARPI-2013-04,ARPI4004,F,2,0,ARPI4003,1,ECAG1,1,mean,-17.83,-12.1,-14.23,-5.24,,-15.08,-24.08,,-21.94,-25.49,-12.64,,-6.6,,-18.42
Mittimatalik,2013,2013-08-11,SKIN,CM123,ARPI-2013-05,ARPI4005,M,0,1,ARPI4005,1,ECAG1,,mean,-19.14,-13.28,-14.99,-6.17,,-14.9,-24.44,,-20.94,-25.45,-11.92,,-7.81,,-19.12
Mittimatalik,2013,2013-08-11,SKIN,CM124,ARPI-2013-06,ARPI4006,F,0,1,ARPI4006,1,ECAG1,1,mean,-17.98,-12.98,-14.48,-5.23,,-15.26,-24.39,,-21.75,-25.71,-13.04,,-9.44,,-18.82
Mittimatalik,2013,2013-08-11,SKIN,CM125,ARPI-2013-07,ARPI4007,M,0,0,ARPI4007,1,ECAG1,1,mean,-18.76,-14.52,-13.63,-6.91,,-14.92,-24.63,,-21.14,-25.48,-12.56,,-9.5,,-18.85
Pangnirtung,2020,2020-08-05,SKIN,CM262,KW-2020-PG-01,KW-2020-PG-01,M,1,2,KW-2020-PG-01,1,ECAG1,,mean,-19.85,-12.69,-14.3,-7.2,-1.94,-15.08,-24.48,-14.72,-22,-26.47,-12.93,-4.83,-5.18,-24.99,-16.88
Pangnirtung,2020,2020-08-05,SKIN,CM263,KW-2020-PG-02,KW-2020-PG-02,F,0,0,KW-2020-PG-02,1,ECAG1,1,mean,-16.46,-11.76,-14.35,-7.73,-1.65,-15.06,-23.96,-15.24,-21.26,-26.66,-12.17,-3.88,-4.18,-24.54,-16.44
Pangnirtung,2020,2020-08-05,SKIN,CM264,KW-2020-PG-03,KW-2020-PG-03,F,1,2,KW-2020-PG-03,1,ECAG1,,mean,-15.63,-12.76,-15.08,-7.96,-1.51,-15.64,-24.41,-15.61,-22.53,-27,-13.48,-3.71,-5.45,-25.68,-16.91
Pangnirtung,2020,2020-08-05,SKIN,CM265,KW-2020-PG-04,KW-2020-PG-04,M,1,0,KW-2020-PG-04,1,ECAG1,,mean,-16.37,-11.93,-14.62,-7.76,0.61,-15.71,-24.08,-15.78,-22.09,-26.92,-13.03,-3.3,-4.27,-25.52,-17.31
Pangnirtung,2020,2020-08-06,SKIN,CM266,KW-2020-PG-05,KW-2020-PG-05,M,0,0,KW-2020-PG-05,1,ECAG1,1,mean,-16.39,-11.33,-14.08,-7.33,-1.39,-15.39,-24.53,-15.18,-21.28,-26.34,-12.73,-3.75,-4.54,-24.43,-16.34
Pangnirtung,2020,2020-08-06,SKIN,CM267,KW-2020-PG-06,KW-2020-PG-06,F,1,2,ARPI4006,1,ECAG1,,mean,-15.99,-11.7,-14.19,-6.53,-1.58,-15.19,-24.19,-16.27,-20.84,-26.27,-12.01,-2.17,-4.55,-25.81,-16.09
Pangnirtung,2020,2020-08-06,SKIN,CM268,KW-2020-PG-07,KW-2020-PG-07,F,2,3,KW-2020-PG-03,1,ECAG1,,mean,-16.16,-13.1,-15.09,-7.83,-2.79,-16.2,-25.09,-16.35,-22.17,-27.07,-13.19,-4.61,-5.82,-25.6,-17.07
Pangnirtung,2020,2020-08-06,SKIN,CM269,KW-2020-PG-08,KW-2020-PG-08,F,0,0,KW-2020-PG-08,0,ECAG1,,mean,-17.28,-12.72,-14.96,-7.42,-3.69,-15.88,-24.5,-16.94,-22.02,-26.82,-13.51,-4.53,-4.91,-25.69,-17.15
Pangnirtung,2020,2020-08-06,SKIN,CM270,KW-2020-PG-09,KW-2020-PG-09,F,1,0,KW-2020-PG-09,1,ECAG1,1,mean,-17.5,-12.92,-15.44,-7.88,-2.58,-15.79,-24.71,-16.48,-21.49,-27.31,-12.83,-4.94,-5.49,-25.64,-16.66
Pangnirtung,2020,2020-08-06,SKIN,CM271,KW-2020-PG-10,KW-2020-PG-10,M,0,0,KW-2020-PG-10,0,ECAG1,,mean,-20.96,-13.4,-15.24,-9.25,-2.44,-14.95,-24.44,-16.68,-22.94,-26.24,-12.59,-6.17,-3.86,-25.49,-16.16
Pangnirtung,2020,2020-08-06,SKIN,CM272,KW-2020-PG-11,KW-2020-PG-11,F,0,0,KW-2020-PG-11,1,ECAG1,1,mean,-18.36,-13.06,-15.6,-7.85,-5.46,-16.31,-25.35,-17.05,-22.26,-27.27,-13.45,-4.65,-5.71,-25.83,-17.24
Pangnirtung,2020,2020-08-06,SKIN,CM273,KW-2020-PG-12,KW-2020-PG-12,M,2,3,KW-2020-PG-01,1,ECAG1,,mean,-17.47,-13.63,-15.82,-8.4,-2.92,-16.27,-24.91,-17.96,-23.02,-27.44,-14.33,-5.67,-5.44,-26.64,-17.01
Pangnirtung,2020,2020-08-26,SKIN,CM274,KW-2020-PG-13,KW-2020-PG-13,M,0,0,KW-2020-PG-13,0,ECAG1,,mean,-17.82,-13.67,-16.19,-7.79,-3.72,-16.18,-25.23,-16.97,-21.82,-27.14,-13.12,-5.84,-5.48,-25.76,-16.62
Pangnirtung,2020,2020-08-26,SKIN,CM275,KW-2020-PG-14,KW-2020-PG-14,M,0,0,KW-2020-PG-14,0,ECAG1,,mean,-17.56,-13.21,-15.89,-8.07,-5.83,-16.27,-25.2,-18.51,-22.17,-26.91,-12.95,-5.66,-5.35,-26.9,-16.45
Pangnirtung,2020,2020-08-26,SKIN,CM276,KW-2020-PG-15,KW-2020-PG-15,F,0,0,KW-2020-PG-15,1,ECAG1,1,mean,-18.71,-13.12,-15.76,-7.82,-2.48,-15.84,-24.94,-17.36,-22.45,-26.79,-13.3,-4.41,-5.27,-26.94,-16.44
Pangnirtung,2020,2020-08-26,SKIN,CM277,KW-2020-PG-16,KW-2020-PG-16,F,0,0,KW-2020-PG-16,1,ECAG1,1,mean,-19.51,-13.53,-15.64,-8.96,-5.25,-16.79,-25.36,-17.41,-22.49,-27.07,-13.11,-5.13,-6.67,-25.8,-16.81
Pangnirtung,2020,2020-08-26,SKIN,CM278,KW-2020-PG-17,KW-2020-PG-17,M,1,0,KW-2020-PG-17,1,ECAG1,1,mean,-20.21,-13.57,-16.07,-9.3,-4.12,-16.68,-25.65,-18.13,-22.09,-27.16,-12.87,-6.56,-6.15,-25.92,-16.61
Pangnirtung,2020,2020-08-26,SKIN,CM279,KW-2020-PG-18,KW-2020-PG-18,F,2,3,ARPI4006,1,ECAG1,,mean,-18.63,-12.73,-15.62,-8.32,-3.13,-16.36,-25.17,-18.12,-22.15,-27.2,-12.93,-4.35,-6.05,-25.62,-16.09
Pangnirtung,2020,2020-08-26,SKIN,CM280,KW-2020-PG-19,KW-2020-PG-19,F,2,0,KW-2020-PG-09,1,ECAG1,,mean,-19.29,-12.84,-15.7,-9.53,-4.04,-16.35,-25.13,-18.69,-22.16,-27.31,-12.63,-5.84,-6.07,-26.56,-15.88
Pangnirtung,2020,2020-08-26,SKIN,CM281,KW-2020-PG-20,KW-2020-PG-20,M,2,0,KW-2020-PG-04,1,ECAG1,1,mean,-19.22,-12.14,-15.38,-9.44,-3.2,-16.36,-25.11,-17.71,-22.48,-27.09,-13,-5.59,-5.63,-25.4,-15.93
Pangnirtung,2020,2020-08-26,SKIN,CM282,KW-2020-PG-21,KW-2020-PG-21,F,0,2,ARPI4001,1,ECAG1,,mean,-18.14,-12.35,-14.98,-8.26,-3.53,-15.91,-24.95,-17.13,-21.88,-26.75,-12.39,-4.22,-5.74,-25.19,-15.84
Pangnirtung,2020,2020-08-26,SKIN,CM283,KW-2020-PG-22,KW-2020-PG-22,F,0,0,KW-2020-PG-22,1,ECAG1,1,mean,-18.81,-12.93,-15.67,-9.21,-4.17,-15.89,-25.18,-17.25,-21.85,-26.78,-12.13,-5.97,-5.9,-25.19,-16.26
Pangnirtung,2020,2020-08-30,SKIN,CM284,KW-2020-PG-23,KW-2020-PG-23,M,2,0,KW-2020-PG-17,1,ECAG1,,mean,-18.68,-13.65,-16.2,-9.68,-6.15,-15.95,-25.28,-18.9,-22.48,-27.35,-12.88,-6.64,-6.12,-26.5,-16.35
Pangnirtung,2020,2020-08-30,SKIN,CM285,KW-2020-PG-24,KW-2020-PG-24,M,0,0,KW-2020-PG-24,1,ECAG1,1,mean,-18.63,-12.65,-15.41,-8.08,-2.25,-15.67,-24.52,-16.83,-21.17,-26.62,-12.34,-5.59,-5.13,-26.33,-16
Mittimatalik,2020,2020-08-18,SKIN,CM286,KW-2020-PI-02,KW-2020-PI-02,F,0,0,KW-2020-PI-02,1,ECAG1,1,mean,-18.14,-12.83,-15.25,-7.84,-3.36,-15.75,-24.89,-17.36,-21.87,-27.01,-12.39,-5.32,-6.05,-26.28,-16.09
Mittimatalik,2020,2020-08-27,SKIN,CM287,KW-2020-PI-03,KW-2020-PI-03,M,0,0,KW-2020-PI-03,1,ECAG1,1,mean,-18.39,-12.72,-15.41,-9.03,-1.76,-15.14,-24.33,-17.48,-22.02,-26.9,-12.65,-5.7,-5.65,-25.47,-15.89
Mittimatalik,2020,2020-08-27,SKIN,CM288,KW-2020-PI-05,KW-2020-PI-05,F,1,0,KW-2020-PI-05,1,ECAG1,,mean,-19.9,-13.63,-16.4,-10.08,-2.72,-15.54,-25.49,-18.04,-21.53,-27.37,-13.2,-6.93,-6.08,-26.04,-16.68
Mittimatalik,2020,2020-08-27,SKIN,CM289,KW-2020-PI-06,KW-2020-PI-06,F,2,0,KW-2020-PI-05,1,ECAG1,1,mean,-19.29,-13.25,-16.32,-8.61,-1.71,-15.33,-25.24,-17.73,-21.44,-27.14,-13.18,-6.81,-5.7,-26.13,-16.66
Mittimatalik,2020,2020-08-27,SKIN,CM290,KW-2020-PI-07,KW-2020-PI-07,F,0,0,KW-2020-PI-07,1,ECAG1,1,mean,-18.32,-11.84,-15.03,-8.49,-3.16,-14.86,-25.07,-17.68,-20.96,-27.03,-11.77,-5.02,-5.15,-26.18,-15.96
Mittimatalik,2020,2020-08-27,SKIN,CM291,KW-2020-PI-08,KW-2020-PI-08,F,0,0,KW-2020-PI-08,1,ECAG1,1,mean,-18.4,-11.94,-15.31,-8.14,-5.66,-15.24,-25.01,-17.87,-20.76,-27.12,-12,-4.72,-5.69,-26.18,-16.02
Mittimatalik,2020,2020-08-28,SKIN,CM292,KW-2020-PI-10,KW-2020-PI-10,M,0,0,KW-2020-PI-10,1,ECAG1,1,mean,-19.4,-12.85,-15.72,-7.88,-4.31,-15.44,-24.4,-17.93,-21.68,-27.33,-12.6,-5.89,-5.95,-26,-16.3
Mittimatalik,2020,2020-08-28,SKIN,CM293,KW-2020-PI-12,KW-2020-PI-12,F,0,0,KW-2020-PI-12,1,ECAG1,1,mean,-18.04,-12.49,-14.6,-4.84,-0.97,-15.65,-25.14,-16.23,-22.5,-27.24,-11.21,-4.44,-4.43,-25.39,-21.41
Mittimatalik,2020,2020-09-04,SKIN,CM294,KW-2020-PI-13,KW-2020-PI-13,M,0,0,KW-2020-PI-13,1,ECAG1,1,mean,-20.44,-13.61,-15.73,-7.91,-0.7,-15.83,-24.3,-17.77,-24.15,-27.02,-12.73,-8.17,-4.24,-25.99,-19.04
Mittimatalik,2020,2020-09-04,SKIN,CM295,KW-2020-PI-14,KW-2020-PI-14,M,0,0,KW-2020-PI-14,1,ECAG1,1,mean,-19.06,-12.45,-15.41,-6.31,-2.41,-15.71,-25.02,-17.67,-22.04,-26.87,-12.34,-5.32,-4.06,-25.96,-19.87
Mittimatalik,2020,2020-09-04,SKIN,CM296,KW-2020-PI-15,KW-2020-PI-15,F,0,0,KW-2020-PI-15,1,ECAG1,1,mean,-19.65,-12.67,-15.62,-7.06,-0.81,-16.11,-25.22,-17.52,-22.09,-27.32,-12.02,-5.79,-5.05,-25.59,-19.83
Tasiilaq,2012,2012-08-21,SKIN,CM298,48336,48336,F,0,0,48336,1,ECAG2,1,mean,-19.71,-15.32,-17.75,-10.29,,-16.08,-26.41,-18.08,-21.14,-26.22,-13.27,-4.45,-4.37,-26.11,-21.38
Tasiilaq,2012,2012-08-21,SKIN,CM299,48337,48337,M,0,0,48337,1,ECAG2,1,mean,-19.57,-14.57,-16.75,-8.29,,-15.49,-26.58,-18.05,-22.88,-26.92,-13.65,-4.52,-4.02,-26.13,-20.84
Tasiilaq,2012,2012-08-21,SKIN,CM300,48338,48338,F,0,0,48338,1,ECAG2,,mean,-19.19,-15.02,-17.13,-9.26,,-15.76,-26.41,-17.75,-21.29,-25.74,-13.07,-4.18,-4.36,-25.73,-21.21
Tasiilaq,2012,2012-08-21,SKIN,CM301,48339,48339,M,0,0,48339,1,ECAG2,,mean,-20.32,-14.84,-16.82,-8.97,,-15.74,-26.31,-18.18,-22.62,-26.03,-13.88,-5.85,-3.54,-26.39,-21.06
Tasiilaq,2012,2012-08-21,SKIN,CM302,48341,48341,M,0,0,48341,1,ECAG2,1,mean,-18.95,-14.3,-16.88,-8.6,,-15.86,-26.77,-17.72,-22.51,-26.82,-13.59,-4.88,-4.03,-26,-21.4
Tasiilaq,2012,2012-08-21,SKIN,CM303,48342,48342,F,0,0,48342,1,ECAG2,1,mean,-18.09,-13.93,-15.13,-13.95,,-15.36,-25.55,-17.42,-20.02,-25.46,-14.53,-9.23,-3.19,-25.64,-20.01
Mittimatalik,2018,2018-08-27,SKIN,CM306,ARPI-2018-01,ARPI-2018-01,F,0,0,ARPI-2018-01,1,ECAG1,1,mean,-17.24,-12.84,-16,-5.42,,-14.82,-25.12,-17.8,-22.24,-26.28,-12.8,-3.5,-3.05,-25.78,-20.96
Mittimatalik,2018,2018-08-27,SKIN,CM307,ARPI-2018-02 ,ARPI-2018-02 ,M,0,2,ARPI-2018-02 ,1,ECAG1,,mean,-17.34,-14.01,-16.07,-6.7,,-14.78,-25,-18.56,-22.9,-26.56,-13.75,-4.08,-2.43,-26.54,-20.34
Mittimatalik,2018,2018-08-27,SKIN,CM308,ARPI-2018-03 ,ARPI-2018-03 ,M,0,0,ARPI-2018-03 ,0,ECAG1,,mean,-18.39,-13.75,-16.18,-5.81,,-15.52,-24.76,-17.89,-20.69,-26.54,-12.49,-4.36,-3.37,-26.07,-20.23
Mittimatalik,2018,2018-08-27,SKIN,CM309,ARPI-2018-05 ,ARPI-2018-05 ,F,0,0,ARPI-2018-05 ,0,ECAG1,,mean,-17.77,-12.87,-15.53,-6.07,,-14.98,-25.01,-17.65,-21.02,-26.81,-12.5,-4.81,-3.52,-26.18,-20.96
Mittimatalik,2018,2018-08-27,SKIN,CM310,ARPI-2018-06,ARPI-2018-06,F,0,0,ARPI-2018-06,0,ECAG1,,mean,-16.1,-13.03,-14.69,-4.27,,-14.74,-24.35,-16.76,-20.87,-26.24,-12.15,-2.96,-2.67,-25.28,-19.55
Mittimatalik,2018,2018-09-08,SKIN,CM311,ARPI-2018-10,ARPI-2018-10,F,0,0,ARPI-2018-10,1,ECAG1,1,mean,-15.99,-12.71,-15.14,-5.58,,-15.03,-24.62,-17.25,-21.59,-26.38,-12.67,-3.28,-3.36,-25.88,-20.19
Mittimatalik,2018,2018-09-08,SKIN,CM312,ARPI-2018-13,ARPI-2018-13,F,0,1,ARPI-2018-13,1,ECAG1,,mean,-17.44,-13,-15.25,-6.36,,-14.92,-24.68,-17.58,-23.22,-26.48,-12.83,-3.53,-2.35,-25.9,-20.69
Mittimatalik,2018,2018-09-10,SKIN,CM313,ARPI-2018-15,ARPI-2018-15,M,0,0,ARPI-2018-15,1,ECAG1,1,mean,-18.25,-14.03,-16.63,-7.05,,-15.36,-25.04,-17.26,-20.98,-26.5,-12.94,-4.11,-2.92,-26.11,-20.04
Mittimatalik,2018,2018-09-10,SKIN,CM314,ARPI-2018-18,ARPI-2018-18,M,0,0,ARPI-2018-18,1,ECAG1,1,mean,-16.62,-13.14,-14.99,-4.95,,-14.66,-24.62,-17.42,-22.68,-27.14,-13.14,-3.54,-3.23,-26.31,-19.1
Mittimatalik,2019,2019-08-18,SKIN,CM315,ARPI-2019-01,ARPI-2019-01,M,0,0,ARPI-2019-01,1,ECAG1,1,mean,-19.19,-14.27,-17.23,-7.73,,-15.24,-25.77,-18.7,-21.71,-27.54,-13.63,-6.08,-4.47,-27.01,-20.51
Mittimatalik,2019,2019-08-18,SKIN,CM316,ARPI-2019-02,ARPI-2019-02,M,0,0,ARPI-2019-02,1,ECAG1,1,mean,-19.24,-14.12,-16.49,-7.93,,-14.65,-24.85,-17.73,-21.89,-26.94,-13.51,-7.34,-2.68,-26.45,-19.23
Mittimatalik,2019,2019-08-18,SKIN,CM317,ARPI-2019-03 ,ARPI-2019-03 ,M,0,0,ARPI-2019-03 ,1,ECAG1,1,mean,-19.48,-14.58,-16.88,-7.86,,-15.52,-25.9,-18.56,-22.08,-27.42,-13.78,-6.77,-3.94,-27.1,-20.02
Mittimatalik,2019,2019-08-19,SKIN,CM318,ARPI-2019-04,ARPI-2019-04,F,0,0,ARPI-2019-04,1,ECAG1,1,mean,-20.04,-15.78,-17.49,-8.93,,-16.73,-26.28,-19.53,-23.63,-28.08,-14.46,-7.47,-6.88,-28.45,-20.82
Mittimatalik,2019,2019-08-21,SKIN,CM319,ARPI-2019-06,ARPI-2019-06,F,0,0,ARPI-2019-06,1,ECAG1,1,mean,-21.11,-16.53,-17.75,-9.55,,-16.64,-26.98,-19.36,-23.86,-28.71,-14.82,-7.18,-7.21,-28.3,-21.73
Mittimatalik,2019,2019-08-21,SKIN,CM320,ARPI-2019-07,ARPI-2019-07,M,0,0,ARPI-2019-07,1,ECAG1,1,mean,-22.49,-15.8,-17.77,-9.56,,-16.27,-26.75,-18.69,-22.56,-27.99,-14.14,-7.39,-6.77,-28.01,-21.57
Mittimatalik,2019,2019-08-29,SKIN,CM321,ARPI-2019-08,ARPI-2019-08,M,0,0,ARPI-2019-08,1,ECAG1,1,mean,-22.76,-15.92,-17.21,-8.62,,-15.66,-25.87,-18.72,-22.66,-27.8,-13.47,-5.83,-5.84,-27.57,-20.68
Mittimatalik,2019,2019-08-29,SKIN,CM322,ARPI-2019-09,ARPI-2019-09,F,0,0,ARPI-2019-09,1,ECAG1,1,mean,-20.42,-15.87,-17.6,-8.59,,-15.19,-26.43,-19.29,-22.83,-28.32,-14.01,-6.31,-6.59,-28.51,-21.41
Mittimatalik,2019,2019-08-29,SKIN,CM323,ARPI-2019-10,ARPI-2019-10,M,0,0,ARPI-2019-10,1,ECAG1,1,mean,-19.11,-14.82,-16.54,-8.69,,-15.44,-25.29,-16.93,-21.24,-26.91,-13.54,-4.16,-5.38,-26.59,-21.09
Mittimatalik,2019,2019-08-29,SKIN,CM324,ARPI-2019-11,ARPI-2019-11,F,0,0,ARPI-2019-11,1,ECAG1,1,mean,-19.03,-14.84,-16.53,-7.43,,-15.53,-25.7,-17.91,-22.56,-27.32,-13.19,-4.36,-6.21,-27.43,-20.87
Ittoqqortoormiit,2021,,SKIN,CM325,GRNL-KW-2021-01,GRNL-KW-2021-01,F,0,0,GRNL-KW-2021-01,1,ECAG1,1,mean,-19.54,-14.01,-17.08,-9.01,,-15.34,-26.05,-17.16,-21.61,-26.16,-14.46,-4.23,-4.84,-26.85,-21.61
Nuuk,2021,2021-11-25,SKIN,CM326,GRNL-KW-2021-02,GRNL-KW-2021-02,F,0,0,GRNL-KW-2021-02,1,ECAG2,1,mean,-18.51,-15.7,-17.23,-8.8,,-16.73,-28.11,-17.83,-24.74,-26.65,-15.3,-6.63,-6.97,-27.85,-22.93
Ittoqqortoormiit,2021,,SKIN,CM327,GRNL-KW-2021-03,GRNL-KW-2021-03,M,0,0,GRNL-KW-2021-03,1,ECAG1,1,mean,-20.69,-13.45,-17.1,-6.29,,-12.98,-25.39,-15.81,-23.36,-26.93,-14.05,-7.47,-3.7,-26.77,-20.18
Pangnirtung,2021,2021-08-19,SKIN,CM328,KW-2021-PG-03,Kw-2021-PG-03,M,0,1,KW-2020-PG-01,1,ECAG1,1,mean,-17.57,-13.95,-15.39,-6.86,,-14.82,-24.88,-16.99,-22.55,-26.59,-12.82,-5.01,-4.81,-26.39,-19.65
Pangnirtung,2021,2021-08-19,SKIN,CM329,KW-2021-PG-04,Kw-2021-PG-04,F,0,0,Kw-2021-PG-04,1,ECAG1,1,mean,-16.96,-13.48,-15.32,-4.97,,-14.86,-24.9,-16.45,-21.73,-26.51,-12.87,-3.2,-4.52,-26.77,-20.11
Pangnirtung,2021,2021-08-19,SKIN,CM330,KW-2021-PG-05,Kw-2021-PG-05,F,0,1,KW-2020-PG-03,1,ECAG1,1,mean,-17.4,-14.47,-15.93,-6.64,,-14.56,-25,-17.65,-22.46,-27.15,-13.57,-4.67,-4.87,-27.59,-21.26
Pangnirtung,2021,2021-08-29,SKIN,CM331,KW-2021-PG-06,Kw-2021-PG-06,M,0,1,ARPI-2018-02 ,1,ECAG1,1,mean,-20.04,-15.09,-16.55,-5.68,,-15.1,-25.58,-17.62,-22.09,-26.55,-13.25,-5.64,-4.85,-27.61,-21.65
Pangnirtung,2021,,SKIN,CM332,KW-2021-PG-08,Kw-2021-PG-08,M,1,2,ARPI4005,1,ECAG1,,mean,-20.44,-13.51,-15.73,-5.45,,-15.21,-25.61,-17.53,-21.49,-26.48,-12.63,-4.81,-4.78,-27.59,-21.16
Pangnirtung,2021,,SKIN,CM333,KW-2021-PG-XX,Kw-2021-PG-XX,M,2,3,ARPI4005,1,ECAG1,1,mean,-18.78,-14.46,-16.1,-6.69,,-14.87,-25.58,-17.6,-21.84,-26.52,-13.25,-4.98,-4.9,-27.15,-20.6
St. P & M,2021,2021-06-25,SKIN,CM334,OR21-1,OR21-1,F,0,0,OR21-1,1,ECAG1,1,mean,-17.8,-13.94,-16.16,-6.58,,-14.68,-25.08,-17.82,-21.57,-26.67,-13.23,-4.9,-4.84,-27.46,-19.8
St. P & M,2021,2021-06-25,SKIN,CM335,OR21-2,OR21-2,M,0,0,OR21-2,1,ECAG1,1,mean,-19.32,-14.4,-17.07,-7.19,,-15.21,-26.17,-17.21,-22.25,-26.5,-13.88,-6.39,-4.78,-27.38,-20.94
St. P & M,2021,2021-06-25,SKIN,CM336,OR21-3,OR21-3,M,0,0,OR21-3,1,ECAG1,1,mean,-17.07,-14.35,-16.01,-6.63,,-14.01,-25.47,-17.31,-22.53,-25.97,-13.71,-3.1,-4.77,-27.01,-20.17
Mittimatalik,2022,2022-10-10,SKIN,CM337,KW-2022-PI-01,KW-2022-PI-01,F,0,2,ARPI-2018-13,1,ECAG1,1,mean,-18.64,-14.02,-16.9,-6.99,,-14.72,-26.45,-17.09,-23.09,-26.54,-14.17,-5.46,-5.34,-27.24,-20.4
Newfoundland,2022,,SKIN,CM297,KW-Nfld-22-25,KW-Nfld-22-25,M,0,0,KW-Nfld-22-25,1,ECAG1,1,mean,-17.14,-13.67,-15.91,-8.52,,-16.19,-25.28,-16.92,-21.12,-26.35,-13.88,-4.66,-3.68,-25.37,-18.94
Pangnirtung,2013,2013-08-12,SKIN,CM118,ARPG-2013-01,Pang2003-01,F,0,0,Pang2013-01,1,ECAG2,1,se,0.14,0.74,0.21,0.12,,0.1,0.2,,0.08,0.1,0.02,,0.22,,0.1
Mittimatalik,2013,2013-08-11,SKIN,CM119,ARPI-2013-01,ARPI4001,F,0,1,ARPI4001,1,ECAG1,1,se,0.36,0.4,0.18,0.57,,0.13,0.3,,0.33,0.12,0.14,,0.43,,0.31
Mittimatalik,2013,2013-08-11,SKIN,CM121,ARPI-2013-03,ARPI4003,F,1,0,ARPI4003,1,ECAG1,,se,0.56,1.56,0.27,0.81,,0.71,0.3,,0.58,0.43,0.11,,0.82,,0.46
Mittimatalik,2013,2013-08-11,SKIN,CM122,ARPI-2013-04,ARPI4004,F,2,0,ARPI4003,1,ECAG1,1,se,0.25,1,0.04,0.07,,0.06,0.04,,0.77,0.18,0.03,,0.16,,0.23
Mittimatalik,2013,2013-08-11,SKIN,CM123,ARPI-2013-05,ARPI4005,M,0,1,ARPI4005,1,ECAG1,,se,0.23,0.3,0.03,0.06,,0.66,0.28,,0.01,0.23,0.21,,0.14,,0.14
Mittimatalik,2013,2013-08-11,SKIN,CM124,ARPI-2013-06,ARPI4006,F,0,1,ARPI4006,1,ECAG1,1,se,0.21,0.82,0.05,0.34,,0.38,0.07,,0.09,0.23,0.12,,0.36,,0.15
Mittimatalik,2013,2013-08-11,SKIN,CM125,ARPI-2013-07,ARPI4007,M,0,0,ARPI4007,1,ECAG1,1,se,0.03,0.54,0.06,0.7,,0.2,0,,0.12,0.17,0.26,,0.88,,0.34
Pangnirtung,2020,2020-08-05,SKIN,CM262,KW-2020-PG-01,KW-2020-PG-01,M,1,2,KW-2020-PG-01,1,ECAG1,,se,0.32,1.1,0.74,0.06,0.58,0.57,0.45,0.2,0.75,0.75,0.83,1.44,0.83,0.08,0.57
Pangnirtung,2020,2020-08-05,SKIN,CM263,KW-2020-PG-02,KW-2020-PG-02,F,0,0,KW-2020-PG-02,1,ECAG1,1,se,0.41,0.86,1.27,0.33,1.98,0.47,0.59,1.01,1.36,1.48,0.83,1.03,0.66,1.03,0.54
Pangnirtung,2020,2020-08-05,SKIN,CM264,KW-2020-PG-03,KW-2020-PG-03,F,1,2,KW-2020-PG-03,1,ECAG1,,se,0.19,0.83,0.43,1.14,0.45,0.13,0.12,0.4,0.49,0.01,0.98,0.95,0.45,0.14,0.06
Pangnirtung,2020,2020-08-05,SKIN,CM265,KW-2020-PG-04,KW-2020-PG-04,M,1,0,KW-2020-PG-04,1,ECAG1,,se,0.18,0.2,0.18,0.75,0.74,0.03,0.03,0.35,0.05,0.02,0.04,0.35,0.13,0.31,0.34
Pangnirtung,2020,2020-08-06,SKIN,CM266,KW-2020-PG-05,KW-2020-PG-05,M,0,0,KW-2020-PG-05,1,ECAG1,1,se,0.16,0.23,0.28,0.3,1.23,0.14,0.19,0.19,0.09,0.03,0.27,0.45,0.26,0.31,0.26
Pangnirtung,2020,2020-08-06,SKIN,CM267,KW-2020-PG-06,KW-2020-PG-06,F,1,2,ARPI4006,1,ECAG1,,se,0,0.26,0.49,0,1.73,0.06,0.24,1.48,0.07,0.37,0.13,0.15,0.02,0.96,0.19
Pangnirtung,2020,2020-08-06,SKIN,CM268,KW-2020-PG-07,KW-2020-PG-07,F,2,3,KW-2020-PG-03,1,ECAG1,,se,0.08,0.11,0.25,0.37,0.6,0.36,0.34,0.38,0.32,0,0.06,0.07,0.01,0.29,0.16
Pangnirtung,2020,2020-08-06,SKIN,CM269,KW-2020-PG-08,KW-2020-PG-08,F,0,0,KW-2020-PG-08,0,ECAG1,,se,0.16,0.64,0.72,0.02,2.56,0.08,0.17,0.87,0.24,0.47,0.72,0.64,0.31,1.01,0.27
Pangnirtung,2020,2020-08-06,SKIN,CM270,KW-2020-PG-09,KW-2020-PG-09,F,1,0,KW-2020-PG-09,1,ECAG1,1,se,0.23,0.75,0,0.2,0.93,0.23,0.23,0.03,0,0.41,0.55,0.99,0.53,0.3,0.39
Pangnirtung,2020,2020-08-06,SKIN,CM271,KW-2020-PG-10,KW-2020-PG-10,M,0,0,KW-2020-PG-10,0,ECAG1,,se,0.3,0.19,0.4,0.05,1.95,0.03,0.08,0.46,0.48,0.28,0.31,0.4,0.38,0.79,0.01
Pangnirtung,2020,2020-08-06,SKIN,CM272,KW-2020-PG-11,KW-2020-PG-11,F,0,0,KW-2020-PG-11,1,ECAG1,1,se,0.17,0.6,0.55,0.36,2.12,0.21,0.23,0.05,0.74,0.2,0.6,0.59,0.34,0.25,0.26
Pangnirtung,2020,2020-08-06,SKIN,CM273,KW-2020-PG-12,KW-2020-PG-12,M,2,3,KW-2020-PG-01,1,ECAG1,,se,0.1,0.51,0.74,0.2,0.67,0.4,0.34,1.05,0.27,0.5,0.38,0.27,0.09,0.77,0.22
Pangnirtung,2020,2020-08-26,SKIN,CM274,KW-2020-PG-13,KW-2020-PG-13,M,0,0,KW-2020-PG-13,0,ECAG1,,se,0.27,0.27,0.01,0.1,0.35,0.08,0.08,0.49,0.16,0.16,0.1,0.35,0.36,0.07,0.26
Pangnirtung,2020,2020-08-26,SKIN,CM275,KW-2020-PG-14,KW-2020-PG-14,M,0,0,KW-2020-PG-14,0,ECAG1,,se,0.39,0.56,0.33,1.4,0.56,0.66,0.55,0.81,0.28,0.02,0.49,0.68,0.58,0.65,0.29
Pangnirtung,2020,2020-08-26,SKIN,CM276,KW-2020-PG-15,KW-2020-PG-15,F,0,0,KW-2020-PG-15,1,ECAG1,1,se,0.05,0.27,0.41,0.04,0.42,0.08,0.03,0.34,0.53,0.25,0.27,0.42,0.29,0.15,0.15
Pangnirtung,2020,2020-08-26,SKIN,CM277,KW-2020-PG-16,KW-2020-PG-16,F,0,0,KW-2020-PG-16,1,ECAG1,1,se,0.06,0.17,0.25,0.19,1.21,0.01,0.11,0.35,0.47,0.13,0.34,0.7,0.48,0.67,0.01
Pangnirtung,2020,2020-08-26,SKIN,CM278,KW-2020-PG-17,KW-2020-PG-17,M,1,0,KW-2020-PG-17,1,ECAG1,1,se,0.44,0,0.2,0.09,3.01,0.27,0.05,1.11,0.18,0.32,0.16,0.07,0.02,0.93,0.06
Pangnirtung,2020,2020-08-26,SKIN,CM279,KW-2020-PG-18,KW-2020-PG-18,F,2,3,ARPI4006,1,ECAG1,,se,0.09,0.07,0.11,0.25,1.71,0.11,0.25,0.71,0.03,0.25,0.03,0.11,0,0.63,0.13
Pangnirtung,2020,2020-08-26,SKIN,CM280,KW-2020-PG-19,KW-2020-PG-19,F,2,0,KW-2020-PG-09,1,ECAG1,,se,0.01,0.49,0.44,0.27,1.45,0.34,0.09,1.48,0.5,0.5,0.49,0.79,0.58,0.71,0.03
Pangnirtung,2020,2020-08-26,SKIN,CM281,KW-2020-PG-20,KW-2020-PG-20,M,2,0,KW-2020-PG-04,1,ECAG1,1,se,0.33,0.17,0.15,0.09,0.24,0.05,0.21,0.28,0.2,0.12,0.04,0.05,0.04,0.03,0.31
Pangnirtung,2020,2020-08-26,SKIN,CM282,KW-2020-PG-21,KW-2020-PG-21,F,0,2,ARPI4001,1,ECAG1,,se,0.17,0.19,0.12,0.07,0.68,0.09,0.1,0.04,0,0.16,0.08,0.1,0.09,0.2,0.07
Pangnirtung,2020,2020-08-26,SKIN,CM283,KW-2020-PG-22,KW-2020-PG-22,F,0,0,KW-2020-PG-22,1,ECAG1,1,se,0.21,0.37,0.18,0.66,2.4,0.28,0.34,0.32,0.13,0,0.13,0.13,0.02,0.24,0.17
Pangnirtung,2020,2020-08-30,SKIN,CM284,KW-2020-PG-23,KW-2020-PG-23,M,2,0,KW-2020-PG-17,1,ECAG1,,se,0.66,0.36,0.4,0.4,0.28,0.13,0.46,1.28,0.07,0.18,0.33,0.19,0.07,0.71,0.38
Pangnirtung,2020,2020-08-30,SKIN,CM285,KW-2020-PG-24,KW-2020-PG-24,M,0,0,KW-2020-PG-24,1,ECAG1,1,se,0.04,0.44,0.4,0.37,0.58,0.3,0.07,0.39,0.55,0.34,0.36,0.48,0.33,0.13,0.08
Mittimatalik,2020,2020-08-18,SKIN,CM286,KW-2020-PI-02,KW-2020-PI-02,F,0,0,KW-2020-PI-02,1,ECAG1,1,se,0,0.68,0.55,0.74,1.2,0.27,0.05,0.06,0.84,0.56,0.67,0.97,0.88,0.28,0.01
Mittimatalik,2020,2020-08-27,SKIN,CM287,KW-2020-PI-03,KW-2020-PI-03,M,0,0,KW-2020-PI-03,1,ECAG1,1,se,0.12,0.12,0.07,0.18,0.26,0,0.04,0.37,0.13,0.11,0.23,0.24,0.24,0.01,0.1
Mittimatalik,2020,2020-08-27,SKIN,CM288,KW-2020-PI-05,KW-2020-PI-05,F,1,0,KW-2020-PI-05,1,ECAG1,,se,0.06,0.25,0.44,0.73,1.33,0.15,0.07,0.28,0.47,0.23,0.13,0.2,0.1,0.16,0.13
Mittimatalik,2020,2020-08-27,SKIN,CM289,KW-2020-PI-06,KW-2020-PI-06,F,2,0,KW-2020-PI-05,1,ECAG1,1,se,0.01,0.08,0.31,0.32,0.38,0.1,0.04,0.25,0.14,0.26,0.05,0.22,0.07,0.05,0.45
Mittimatalik,2020,2020-08-27,SKIN,CM290,KW-2020-PI-07,KW-2020-PI-07,F,0,0,KW-2020-PI-07,1,ECAG1,1,se,0.02,0.35,0.28,0.92,1.94,0.27,0.16,0.33,0.46,0.52,0.3,0.28,0.25,0.26,0.04
Mittimatalik,2020,2020-08-27,SKIN,CM291,KW-2020-PI-08,KW-2020-PI-08,F,0,0,KW-2020-PI-08,1,ECAG1,1,se,0.11,0.36,0.26,0.37,2.21,0.01,0.02,0.52,0.31,0.44,0.23,0.48,0.17,0.13,0.01
Mittimatalik,2020,2020-08-28,SKIN,CM292,KW-2020-PI-10,KW-2020-PI-10,M,0,0,KW-2020-PI-10,1,ECAG1,1,se,0.03,0.24,0.34,0.3,2.89,0.2,0.07,0.49,0.29,0.29,0.23,0.19,0.14,0.38,0.02
Mittimatalik,2020,2020-08-28,SKIN,CM293,KW-2020-PI-12,KW-2020-PI-12,F,0,0,KW-2020-PI-12,1,ECAG1,1,se,0.27,0.25,0.28,0.35,1.44,0.12,0.42,0.17,0.48,0.3,0.33,0.33,0.32,0.28,1.34
Mittimatalik,2020,2020-09-04,SKIN,CM294,KW-2020-PI-13,KW-2020-PI-13,M,0,0,KW-2020-PI-13,1,ECAG1,1,se,0.34,0.38,0.27,1.07,1.24,0.39,0.33,1.02,0.23,0.18,0.4,0.38,0.39,0.78,0.62
Mittimatalik,2020,2020-09-04,SKIN,CM295,KW-2020-PI-14,KW-2020-PI-14,M,0,0,KW-2020-PI-14,1,ECAG1,1,se,0.05,0.1,0.18,0.6,1.54,0.18,0.08,1.39,0.32,0.21,0.25,0.21,0.38,1.36,0.3
Mittimatalik,2020,2020-09-04,SKIN,CM296,KW-2020-PI-15,KW-2020-PI-15,F,0,0,KW-2020-PI-15,1,ECAG1,1,se,0.41,0.14,0.29,0.35,0.6,0.59,0.31,1.28,0.44,0.61,0.09,0.57,0.44,1.15,0.89
Tasiilaq,2012,2012-08-21,SKIN,CM298,48336,48336,F,0,0,48336,1,ECAG2,1,se,0.38,0.46,0.13,0.16,,0.28,0.11,0.26,0.1,0.12,0.01,0.81,0.35,0.03,0.18
Tasiilaq,2012,2012-08-21,SKIN,CM299,48337,48337,M,0,0,48337,1,ECAG2,1,se,1.88,0.34,0.23,0.78,,0.21,0.51,0.19,0.96,0.92,0.7,0.46,0.53,0.37,0.46
Tasiilaq,2012,2012-08-21,SKIN,CM300,48338,48338,F,0,0,48338,1,ECAG2,,se,0.26,0.07,0.25,0.13,,0.01,0.12,0.04,0.41,0.23,0.26,0.34,0.12,0.29,0.24
Tasiilaq,2012,2012-08-21,SKIN,CM301,48339,48339,M,0,0,48339,1,ECAG2,,se,0.99,0.03,0.17,0.18,,0.03,0.15,0.23,0.15,0.21,0.05,0.15,0.34,0.11,0.27
Tasiilaq,2012,2012-08-21,SKIN,CM302,48341,48341,M,0,0,48341,1,ECAG2,1,se,0.32,0.2,0.05,0.28,,0.05,0.06,0.64,0.1,0.11,0.27,0.38,0.41,0.02,0.23
Tasiilaq,2012,2012-08-21,SKIN,CM303,48342,48342,F,0,0,48342,1,ECAG2,1,se,0.06,0.12,0.82,0.12,,0.23,0.24,0.27,0.66,0.3,0.53,0.24,0.09,0.38,0.24
Mittimatalik,2018,2018-08-27,SKIN,CM306,ARPI-2018-01,ARPI-2018-01,F,0,0,ARPI-2018-01,1,ECAG1,1,se,1.03,0.05,0.21,0.06,,0.16,0.13,0.12,0.06,0,0.01,0.04,0.04,0.01,0.06
Mittimatalik,2018,2018-08-27,SKIN,CM307,ARPI-2018-02 ,ARPI-2018-02 ,M,0,2,ARPI-2018-02 ,1,ECAG1,,se,0.12,0.21,0.09,0.26,,0.01,0.04,0.18,0.08,0.05,0.05,0.04,0.21,0.21,0.01
Mittimatalik,2018,2018-08-27,SKIN,CM308,ARPI-2018-03 ,ARPI-2018-03 ,M,0,0,ARPI-2018-03 ,0,ECAG1,,se,0.14,0.17,0.05,0.05,,0.2,0.08,0.05,0,0.12,0.1,0.54,0.14,0.04,0.04
Mittimatalik,2018,2018-08-27,SKIN,CM309,ARPI-2018-05 ,ARPI-2018-05 ,F,0,0,ARPI-2018-05 ,0,ECAG1,,se,0.11,0.14,0.06,0.23,,0.06,0.01,0.07,0.24,0.13,0.09,0.28,0.24,0.01,0.12
Mittimatalik,2018,2018-08-27,SKIN,CM310,ARPI-2018-06,ARPI-2018-06,F,0,0,ARPI-2018-06,0,ECAG1,,se,0.03,0.31,0.05,0.15,,0.07,0.16,0.27,0.22,0.21,0.12,0.28,0.08,0,0.11
Mittimatalik,2018,2018-09-08,SKIN,CM311,ARPI-2018-10,ARPI-2018-10,F,0,0,ARPI-2018-10,1,ECAG1,1,se,0.05,0.09,0.01,0.1,,0.08,0.07,0.38,0.08,0.18,0.07,0.3,0.13,0.43,0.14
Mittimatalik,2018,2018-09-08,SKIN,CM312,ARPI-2018-13,ARPI-2018-13,F,0,1,ARPI-2018-13,1,ECAG1,,se,0.12,0.19,0.1,0.03,,0.07,0.09,0.05,1.35,0.17,0.13,0.61,0.14,0.1,0.06
Mittimatalik,2018,2018-09-10,SKIN,CM313,ARPI-2018-15,ARPI-2018-15,M,0,0,ARPI-2018-15,1,ECAG1,1,se,0.14,0.19,0.24,0.06,,0.2,0.23,0.04,0.26,0.11,0.09,0.24,0.46,0.23,0.23
Mittimatalik,2018,2018-09-10,SKIN,CM314,ARPI-2018-18,ARPI-2018-18,M,0,0,ARPI-2018-18,1,ECAG1,1,se,0.01,0.38,0.61,0.05,,0.05,0.11,0.44,0.53,0.32,0.48,0.2,0.41,0.36,0.02
Mittimatalik,2019,2019-08-18,SKIN,CM315,ARPI-2019-01,ARPI-2019-01,M,0,0,ARPI-2019-01,1,ECAG1,1,se,0.02,0.03,0.42,0.16,,0.12,0.06,0.23,0.63,0.17,0.17,0.3,0.16,0.02,0.05
Mittimatalik,2019,2019-08-18,SKIN,CM316,ARPI-2019-02,ARPI-2019-02,M,0,0,ARPI-2019-02,1,ECAG1,1,se,0.17,0.2,0.1,0.27,,0.15,0.27,0.18,0.1,0.07,0.06,0.11,0.01,0.03,0.12
Mittimatalik,2019,2019-08-18,SKIN,CM317,ARPI-2019-03 ,ARPI-2019-03 ,M,0,0,ARPI-2019-03 ,1,ECAG1,1,se,0.46,0.06,0.1,0.33,,0.01,0.18,0.42,0.07,0.05,0.12,0.73,0.35,0.07,0.26
Mittimatalik,2019,2019-08-19,SKIN,CM318,ARPI-2019-04,ARPI-2019-04,F,0,0,ARPI-2019-04,1,ECAG1,1,se,0.35,0.13,0.31,0.73,,0.21,0.24,0.08,0.12,0.11,0.09,0.13,0.12,0.28,0.13
Mittimatalik,2019,2019-08-21,SKIN,CM319,ARPI-2019-06,ARPI-2019-06,F,0,0,ARPI-2019-06,1,ECAG1,1,se,0.49,0.28,0.11,0.62,,0.06,0.02,0.02,0.27,0.06,0.16,0.33,0.06,0.05,0.01
Mittimatalik,2019,2019-08-21,SKIN,CM320,ARPI-2019-07,ARPI-2019-07,M,0,0,ARPI-2019-07,1,ECAG1,1,se,0.94,0.15,0.17,0,,0.09,0.13,0.25,0.53,0.27,0.26,0.64,0.3,0.03,0.14
Mittimatalik,2019,2019-08-29,SKIN,CM321,ARPI-2019-08,ARPI-2019-08,M,0,0,ARPI-2019-08,1,ECAG1,1,se,0.16,0.1,0.02,0.32,,0.2,0.18,0.07,0.17,0,0.05,0.04,0.05,0.13,0.04
Mittimatalik,2019,2019-08-29,SKIN,CM322,ARPI-2019-09,ARPI-2019-09,F,0,0,ARPI-2019-09,1,ECAG1,1,se,0.61,0.64,0.47,0.74,,0.3,0.21,0.39,0.48,0.38,0.4,0.3,0.27,0.19,0.37
Mittimatalik,2019,2019-08-29,SKIN,CM323,ARPI-2019-10,ARPI-2019-10,M,0,0,ARPI-2019-10,1,ECAG1,1,se,0.42,0.17,0.09,0.34,,0.26,0.13,0.03,0.58,0.04,0.1,0.08,0.37,0.21,0.15
Mittimatalik,2019,2019-08-29,SKIN,CM324,ARPI-2019-11,ARPI-2019-11,F,0,0,ARPI-2019-11,1,ECAG1,1,se,0.22,0.09,0.07,0.09,,0.19,0.13,0.09,0.31,0.04,0.24,0.06,0.16,0.18,0.03
Ittoqqortoormiit,2021,,SKIN,CM325,GRNL-KW-2021-01,GRNL-KW-2021-01,F,0,0,GRNL-KW-2021-01,1,ECAG1,1,se,0.02,0.4,0.25,0.16,,0.26,0.08,0.23,0.1,0.37,0.12,0.23,0.1,0.05,0.13
Nuuk,2021,2021-11-25,SKIN,CM326,GRNL-KW-2021-02,GRNL-KW-2021-02,F,0,0,GRNL-KW-2021-02,1,ECAG2,1,se,0.13,0,0.03,0.41,,0.15,0.09,0.04,0.26,0.22,0.25,0.05,0.12,0.01,0.22
Ittoqqortoormiit,2021,,SKIN,CM327,GRNL-KW-2021-03,GRNL-KW-2021-03,M,0,0,GRNL-KW-2021-03,1,ECAG1,1,se,0.64,0.41,0.56,0.06,,0.07,0.11,0.1,0,0.12,0.56,0.32,0.2,0.38,0.09
Pangnirtung,2021,2021-08-19,SKIN,CM328,KW-2021-PG-03,Kw-2021-PG-03,M,0,1,KW-2020-PG-01,1,ECAG1,1,se,0.41,0.11,0.09,0.34,,0.21,0.1,0.36,0.27,0.26,0.23,0.13,0.02,0.54,0.13
Pangnirtung,2021,2021-08-19,SKIN,CM329,KW-2021-PG-04,Kw-2021-PG-04,F,0,0,Kw-2021-PG-04,1,ECAG1,1,se,0.37,0.28,0.07,0.12,,0.09,0.26,0.07,0.09,0.07,0.1,0.46,0.04,0.14,0.13
Pangnirtung,2021,2021-08-19,SKIN,CM330,KW-2021-PG-05,Kw-2021-PG-05,F,0,1,KW-2020-PG-03,1,ECAG1,1,se,0.12,0.12,0.12,0.02,,0.1,0.23,0.3,0.04,0.11,0.11,0.28,0.29,0.69,0.23
Pangnirtung,2021,2021-08-29,SKIN,CM331,KW-2021-PG-06,Kw-2021-PG-06,M,0,1,ARPI-2018-02 ,1,ECAG1,1,se,0.17,0.23,0.61,0.11,,0.09,0.05,0.24,0.33,0.07,0.01,0.51,0.11,0.07,0
Pangnirtung,2021,,SKIN,CM332,KW-2021-PG-08,Kw-2021-PG-08,M,1,2,ARPI4005,1,ECAG1,,se,0.42,0.01,0.19,0.07,,0.19,0.29,0.46,0.25,0.26,0.05,0.28,0.06,0.24,0.01
Pangnirtung,2021,,SKIN,CM333,KW-2021-PG-XX,Kw-2021-PG-XX,M,2,3,ARPI4005,1,ECAG1,1,se,0.13,0,0.02,0.16,,0.03,0.07,0.31,0.2,0.2,0.01,0.46,0.42,0.14,0.2
St. P & M,2021,2021-06-25,SKIN,CM334,OR21-1,OR21-1,F,0,0,OR21-1,1,ECAG1,1,se,0.16,0.18,0.12,0.09,,0.11,0.1,0.13,0.82,0.27,0.26,0.08,0.13,0.18,0.16
St. P & M,2021,2021-06-25,SKIN,CM335,OR21-2,OR21-2,M,0,0,OR21-2,1,ECAG1,1,se,0.18,0.34,0.63,0.42,,0.09,0.32,0.38,0.11,0.06,0.33,0.32,0.71,0.28,0.3
St. P & M,2021,2021-06-25,SKIN,CM336,OR21-3,OR21-3,M,0,0,OR21-3,1,ECAG1,1,se,0.12,0.09,0.3,0.08,,0.17,0.07,0.49,0.48,0.32,0.17,0.06,0.08,0.31,0.21
Mittimatalik,2022,2022-10-10,SKIN,CM337,KW-2022-PI-01,KW-2022-PI-01,F,0,2,ARPI-2018-13,1,ECAG1,1,se,0.09,0.44,0.53,0.26,,0.01,0.2,0.4,0.83,0.29,0.36,0.57,0.31,0.65,0.25
Newfoundland,2022,,SKIN,CM297,KW-Nfld-22-25,KW-Nfld-22-25,M,0,0,KW-Nfld-22-25,1,ECAG1,1,se,0.07,0.12,0.43,0.18,,0.14,0.05,0.52,0.37,0.15,0.26,0.03,0.46,0.07,0.09