Location,Year,Sample_date,Tissue,UCDavis,DFO_sample_id,csia_sample_id,sex,duplicate_in_year,duplicate_other_year,duplicate_id,wgs,genetic_group,pop_analysis,mean_se,Ala,Asx,Glx,Gly,Ile,Leu,Lys,Met,Phe,Pro,Ser,Thr,Tyr,Val
Pangnirtung,2013,2013-08-12,SKIN,CM118,ARPG-2013-01,Pang2013-01,F,0,0,Pang2013-01,1,ECAG2,1,mean,21.9145,20.378,24.4105,5.3095,25.827,24.196,6.492,,11.915,34.558,16.8085,-37.909,,25.7015
Mittimatalik,2013,2013-08-11,SKIN,CM119,ARPI-2013-01,ARPI4001,F,0,1,ARPI4001,1,ECAG1,1,mean,22.2755,20.635,23.736,3.945,24.76,23.8985,6.692,,13.3435,31.088,15.58,-47.976,,25.074
Mittimatalik,2013,2013-08-11,SKIN,CM121,ARPI-2013-03,ARPI4003,F,1,0,ARPI4003,1,ECAG1,,mean,21.688,20.0195,23.393,2.593,24.697,24.562,6.437,,11.6725,30.707,15.123,-49.4,,25.658
Mittimatalik,2013,2013-08-11,SKIN,CM122,ARPI-2013-04,ARPI4004,F,2,0,ARPI4003,1,ECAG1,1,mean,22.127,20.0828,24.2564,2.7284,24.892,25.2644,6.274,,12.3436,29.73,16.669,-49.7057,,26.256
Mittimatalik,2013,2013-08-11,SKIN,CM123,ARPI-2013-05,ARPI4005,M,0,1,ARPI4005,1,ECAG1,,mean,22.6855,21.938,25.3655,8.0465,25.1565,24.978,6.8225,,14.332,32.746,18.5455,-46.9685,6.544,25.549
Mittimatalik,2013,2013-08-11,SKIN,CM124,ARPI-2013-06,ARPI4006,F,0,1,ARPI4006,1,ECAG1,1,mean,22.2635,20.8115,24.702,10.978,27.631,24.3285,7.069,15.1585,13.2175,30.6915,13.9495,-50.9805,5.1655,23.753
Mittimatalik,2013,2013-08-11,SKIN,CM125,ARPI-2013-07,ARPI4007,M,0,0,ARPI4007,1,ECAG1,1,mean,22.538,22.6605,26.0835,2.586,27.9145,25.1315,8.1005,15.9095,13.0815,33.4285,17.321,-47.8165,7.5195,24.7625
Pangnirtung,2020,2020-08-05,SKIN,CM262,KW-2020-PG-01,KW-2020-PG-01,M,1,2,KW-2020-PG-01,1,ECAG1,,mean,22.9195,20.8255,24.8885,8.816,24.558,24.492,7.554,14.668,12.2605,30.4005,15.4625,-47.1885,6.96,26.441
Pangnirtung,2020,2020-08-05,SKIN,CM263,KW-2020-PG-02,KW-2020-PG-02,F,0,0,KW-2020-PG-02,1,ECAG1,1,mean,22.271,21.202,24.331,8.1055,25.2475,24.3775,8.673,15.1655,12.7355,31.7455,17.0065,-43.64,7.6885,26.1225
Pangnirtung,2020,2020-08-05,SKIN,CM264,KW-2020-PG-03,KW-2020-PG-03,F,1,2,KW-2020-PG-03,1,ECAG1,,mean,21.5365,20.1685,23.9075,7.329,24.9455,24.016,7.7115,13.8575,11.7235,30.178,15.455,-47.331,7.0825,25.5995
Pangnirtung,2020,2020-08-05,SKIN,CM265,KW-2020-PG-04,KW-2020-PG-04,M,1,0,KW-2020-PG-04,1,ECAG1,,mean,25.0965,20.4455,24.7035,7.517,25.2625,24.445,8.2415,14.6605,11.802,31.336,15.141,-43.2335,7.4905,26.1285
Pangnirtung,2020,2020-08-06,SKIN,CM266,KW-2020-PG-05,KW-2020-PG-05,M,0,0,KW-2020-PG-05,1,ECAG1,1,mean,24.724,20.149,23.996,7.541,25.132,24.559,7.2725,13.2835,11.6545,30.0135,15.2255,-46.754,7.022,25.9685
Pangnirtung,2020,2020-08-06,SKIN,CM267,KW-2020-PG-06,KW-2020-PG-06,F,1,2,ARPI4006,1,ECAG1,,mean,23.881,20.2555,23.977,7.66,24.764,24.058,6.89,15.42,13.093,31.3665,14.799,-48.445,8.977,25.1035
Pangnirtung,2020,2020-08-06,SKIN,CM268,KW-2020-PG-07,KW-2020-PG-07,F,2,3,KW-2020-PG-03,1,ECAG1,,mean,23.2515,20.6445,24.0095,6.174,24.883,24.1265,7.9065,13.6035,11.4895,31.107,16.082,-47.045,7.2625,25.4305
Pangnirtung,2020,2020-08-06,SKIN,CM269,KW-2020-PG-08,KW-2020-PG-08,F,0,0,KW-2020-PG-08,0,ECAG1,,mean,22.71,20.5035,23.896,6.3345,25.173,24.2605,7.461,14.339,12.9,31.3645,16.318,-44.5085,8.3515,25.889
Pangnirtung,2020,2020-08-06,SKIN,CM270,KW-2020-PG-09,KW-2020-PG-09,F,1,0,KW-2020-PG-09,1,ECAG1,1,mean,22.6085,20.8615,24.442,4.298,24.081,23.624,7.804,14.433,13.7445,32.889,15.3345,-46.2345,8.6545,25.102
Pangnirtung,2020,2020-08-06,SKIN,CM271,KW-2020-PG-10,KW-2020-PG-10,M,0,0,KW-2020-PG-10,0,ECAG1,,mean,23.791,22.8503,25.4503,3.7243,25.971,25.079,9.2873,15.4737,15.2363,32.1847,16.177,-48.6957,7.454,26.5727
Pangnirtung,2020,2020-08-06,SKIN,CM272,KW-2020-PG-11,KW-2020-PG-11,F,0,0,KW-2020-PG-11,1,ECAG1,1,mean,22.2045,19.8225,23.492,5.5065,24.433,23.774,7.397,14.1285,11.999,31.409,15.128,-45.892,8.0575,25.579
Pangnirtung,2020,2020-08-06,SKIN,CM273,KW-2020-PG-12,KW-2020-PG-12,M,2,3,KW-2020-PG-01,1,ECAG1,,mean,22.6395,20.8615,24.7095,6.3605,25.379,24.5255,7.466,14.2775,12.226,30.708,15.888,-46.7945,8.2615,26.3735
Pangnirtung,2020,2020-08-26,SKIN,CM274,KW-2020-PG-13,KW-2020-PG-13,M,0,0,KW-2020-PG-13,0,ECAG1,,mean,24.1265,21.734,25.3625,3.8835,25.2625,24.8805,8.2385,16.8625,14.5,33.815,16.775,-44.4445,9.6285,25.8435
Pangnirtung,2020,2020-08-26,SKIN,CM275,KW-2020-PG-14,KW-2020-PG-14,M,0,0,KW-2020-PG-14,0,ECAG1,,mean,24.788,21.2205,24.572,3.9,24.5685,23.8325,7.727,15.234,13.5815,34.0545,16.558,-47.5745,8.918,25.6945
Pangnirtung,2020,2020-08-26,SKIN,CM276,KW-2020-PG-15,KW-2020-PG-15,F,0,0,KW-2020-PG-15,1,ECAG1,1,mean,23.305,20.5815,24.114,5.603,24.5895,23.684,7.276,14.2855,11.813,32.1875,15.464,-46.9555,8.4135,25.824
Pangnirtung,2020,2020-08-26,SKIN,CM277,KW-2020-PG-16,KW-2020-PG-16,F,0,0,KW-2020-PG-16,1,ECAG1,1,mean,22.3255,19.3695,22.3175,7.724,22.8375,23.7595,8.0615,14.6775,12.481,29.3175,14.772,-46.158,7.157,25.53
Pangnirtung,2020,2020-08-26,SKIN,CM278,KW-2020-PG-17,KW-2020-PG-17,M,1,0,KW-2020-PG-17,1,ECAG1,1,mean,23.0425,21.9255,24.315,6.4625,23.3955,25.352,8.646,16.8145,14.0495,32.501,17.575,-40.323,8.9115,26.414
Pangnirtung,2020,2020-08-26,SKIN,CM279,KW-2020-PG-18,KW-2020-PG-18,F,2,3,ARPI4006,1,ECAG1,,mean,23.3505,19.952,23.663,7.242,23.1925,24.6005,7.2755,17.017,14.6755,31.5335,14.8475,-47.0725,8.2235,25.872
Pangnirtung,2020,2020-08-26,SKIN,CM280,KW-2020-PG-19,KW-2020-PG-19,F,2,0,KW-2020-PG-09,1,ECAG1,,mean,23.5275,20.087,23.818,6.344,22.8045,24.5065,7.217,16.0245,14.409,32.241,15.7415,-45.359,8.668,25.963
Pangnirtung,2020,2020-08-26,SKIN,CM281,KW-2020-PG-20,KW-2020-PG-20,M,2,0,KW-2020-PG-04,1,ECAG1,1,mean,22.992,19.6565,23.8745,4.501,23.008,25.1415,7.454,15.2505,12.7155,31.147,15.29,-45.8015,7.7855,26.232
Pangnirtung,2020,2020-08-26,SKIN,CM282,KW-2020-PG-21,KW-2020-PG-21,F,0,2,ARPI4001,1,ECAG1,,mean,22.865,19.654,23.2895,5.2205,23.2905,24.554,7.19,16.21,14.0515,30.6045,15.3025,-45.5765,8.289,25.7125
Pangnirtung,2020,2020-08-26,SKIN,CM283,KW-2020-PG-22,KW-2020-PG-22,F,0,0,KW-2020-PG-22,1,ECAG1,1,mean,22.808,20.948,23.819,1.6205,22.858,24.689,7.973,16.125,15.2235,33.1015,15.573,-43.856,9.4595,26.0805
Pangnirtung,2020,2020-08-30,SKIN,CM284,KW-2020-PG-23,KW-2020-PG-23,M,2,0,KW-2020-PG-17,1,ECAG1,,mean,23.978,21.79,24.705,10.474,23.9195,25.2795,6.6085,16.823,14.2995,31.2215,17.521,-41.2585,9.193,27.132
Pangnirtung,2020,2020-08-30,SKIN,CM285,KW-2020-PG-24,KW-2020-PG-24,M,0,0,KW-2020-PG-24,1,ECAG1,1,mean,24.104,21.474,24.75,6.4245,24.086,25.7055,8.4745,17.6825,15.995,32.8455,17.623,-43.678,10.8735,27.043
Mittimatalik,2020,2020-08-18,SKIN,CM286,KW-2020-PI-02,KW-2020-PI-02,F,0,0,KW-2020-PI-02,1,ECAG1,1,mean,24.485,19.7075,22.341,6.339,24.1925,23.7165,5.9275,14.7845,12.9085,31.2265,14.7505,-44.344,8.7135,25.664
Mittimatalik,2020,2020-08-27,SKIN,CM287,KW-2020-PI-03,KW-2020-PI-03,M,0,0,KW-2020-PI-03,1,ECAG1,1,mean,22.998,19.959,22.968,6.5465,24.1135,24.069,5.86,16.0415,13.3675,30.714,15.1035,-42.082,8.158,25.7785
Mittimatalik,2020,2020-08-27,SKIN,CM288,KW-2020-PI-05,KW-2020-PI-05,F,1,0,KW-2020-PI-05,1,ECAG1,,mean,22.8805,21.242,23.5495,7.034,23.0835,24.483,6.406,15.7875,16.14,32.9795,15.8355,-40.1475,8.066,25.733
Mittimatalik,2020,2020-08-27,SKIN,CM289,KW-2020-PI-06,KW-2020-PI-06,F,2,0,KW-2020-PI-05,1,ECAG1,1,mean,23.332,21.65,24.25,6.1885,24.6985,25.05,9.3935,17.173,16.4005,33.3545,16.2335,-40.4585,9.731,26.302
Mittimatalik,2020,2020-08-27,SKIN,CM290,KW-2020-PI-07,KW-2020-PI-07,F,0,0,KW-2020-PI-07,1,ECAG1,1,mean,23.746,21.3705,24.4455,4.6195,24.645,25.189,6.916,15.2265,14.949,33.9575,15.622,-42.4715,9.4555,26.1795
Mittimatalik,2020,2020-08-27,SKIN,CM291,KW-2020-PI-08,KW-2020-PI-08,F,0,0,KW-2020-PI-08,1,ECAG1,1,mean,23.1785,20.911,23.3675,3.202,23.572,23.6885,6.0445,15.1925,15.539,33.243,14.711,-45.853,8.3555,24.9625
Mittimatalik,2020,2020-08-28,SKIN,CM292,KW-2020-PI-10,KW-2020-PI-10,M,0,0,KW-2020-PI-10,1,ECAG1,1,mean,22.8435,21.03,23.213,6.3555,24.497,24.3075,5.73,15.1715,13.9085,30.9305,15.685,-43.974,8.5225,25.8025
Mittimatalik,2020,2020-08-28,SKIN,CM293,KW-2020-PI-12,KW-2020-PI-12,F,0,0,KW-2020-PI-12,1,ECAG1,1,mean,21.426,20.192,23.9895,2.4135,24.2115,24.593,8.067,16.301,13.815,32.0175,13.3515,-45.4525,6.939,25.809
Mittimatalik,2020,2020-09-04,SKIN,CM294,KW-2020-PI-13,KW-2020-PI-13,M,0,0,KW-2020-PI-13,1,ECAG1,1,mean,23.246,22.592,25.735,0.4095,26.028,25.608,8.8985,16.141,14.5315,32.817,17.0105,-44.003,8.3705,25.923
Mittimatalik,2020,2020-09-04,SKIN,CM295,KW-2020-PI-14,KW-2020-PI-14,M,0,0,KW-2020-PI-14,1,ECAG1,1,mean,22.7335,21.7925,25.433,8.5715,24.561,25.1675,8.9615,15.8345,14.405,32.4755,16.645,-43.5525,9.0545,26.2625
Mittimatalik,2020,2020-09-04,SKIN,CM296,KW-2020-PI-15,KW-2020-PI-15,F,0,0,KW-2020-PI-15,1,ECAG1,1,mean,21.908,20.656,24.3845,4.2385,23.869,24.141,9.15,16.8595,15.992,32.9375,15.1555,-43.9335,8.576,25.644
Tasiilaq,2012,2012-08-21,SKIN,CM298,48336,48336,F,0,0,48336,1,ECAG2,1,mean,22.61,21.5645,25.998,8.3745,25.54,24.304,8.2315,13.676,13.4145,33.0235,15.601,-39.74,7.2635,26.942
Tasiilaq,2012,2012-08-21,SKIN,CM299,48337,48337,M,0,0,48337,1,ECAG2,1,mean,23.7775,22.2525,26.6435,1.553,27.378,26.0585,8.7005,14.128,12.431,34.048,14.2025,-41.9795,7.7995,27.9575
Tasiilaq,2012,2012-08-21,SKIN,CM300,48338,48338,F,0,0,48338,1,ECAG2,,mean,21.875,21.754,25.577,5.6225,26.0275,24.7465,8.3005,15.2835,13.3215,33.494,15.148,-37.7495,8.452,26.825
Tasiilaq,2012,2012-08-21,SKIN,CM301,48339,48339,M,0,0,48339,1,ECAG2,,mean,22.646,20.7665,24.7545,6.6275,24.683,24.0695,7.855,14.306,11.911,32.2415,15.2295,-37.051,7.0085,26.9615
Tasiilaq,2012,2012-08-21,SKIN,CM302,48341,48341,M,0,0,48341,1,ECAG2,1,mean,21.992,20.756,25.9465,3.0815,26.1345,24.341,8.0665,13.435,12.6785,32.1055,14.5075,-41.311,6.3405,27.379
Tasiilaq,2012,2012-08-21,SKIN,CM303,48342,48342,F,0,0,48342,1,ECAG2,1,mean,24.8765,24.1025,26.352,14.75,27.3865,26.606,9.4845,17.3145,14.213,28.5445,19.7645,-42.809,9.7325,28.441
Mittimatalik,2018,2018-08-27,SKIN,CM306,ARPI-2018-01,ARPI-2018-01,F,0,0,ARPI-2018-01,1,ECAG1,1,mean,22.1015,19.6265,23.6885,2.8945,26.3015,23.857,7.075,14.729,12.938,31.51,13.749,-47.8545,7.517,26.065
Mittimatalik,2018,2018-08-27,SKIN,CM307,ARPI-2018-02 ,ARPI-2018-02 ,M,0,2,ARPI-2018-02 ,1,ECAG1,,mean,22.5065,20.8975,24.785,6.9865,25.17,24.3815,7.8725,14.0625,12.9925,31.5445,14.304,-47.695,7.5365,27.3865
Mittimatalik,2018,2018-08-27,SKIN,CM308,ARPI-2018-03 ,ARPI-2018-03 ,M,0,0,ARPI-2018-03 ,0,ECAG1,,mean,21.9165,20.9205,24.647,8.459,24.67,23.6165,8.2635,16.4245,17.2145,32.1075,15.619,-45.2285,8.6615,26.749
Mittimatalik,2018,2018-08-27,SKIN,CM309,ARPI-2018-05 ,ARPI-2018-05 ,F,0,0,ARPI-2018-05 ,0,ECAG1,,mean,22.9145,20.5565,25.186,2.5755,27.0415,24.2655,7.648,16.3075,14.9865,33.715,15.325,-45.6895,7.392,25.937
Mittimatalik,2018,2018-08-27,SKIN,CM310,ARPI-2018-06,ARPI-2018-06,F,0,0,ARPI-2018-06,0,ECAG1,,mean,20.9215,20.0295,23.6285,3.375,24.6395,23.2255,7.399,13.879,12.0175,31.77,13.395,-47.788,8.0145,25.959
Mittimatalik,2018,2018-09-08,SKIN,CM311,ARPI-2018-10,ARPI-2018-10,F,0,0,ARPI-2018-10,1,ECAG1,1,mean,21.7045,19.7455,24.1735,5.7545,24.8155,23.6455,7.2615,14.4245,12.3705,31.716,14.12,-45.1415,7.1575,25.6435
Mittimatalik,2018,2018-09-08,SKIN,CM312,ARPI-2018-13,ARPI-2018-13,F,0,1,ARPI-2018-13,1,ECAG1,,mean,21.862,19.919,24.0025,4.9225,24.831,23.5455,7.27,13.3615,11.5435,30.7155,13.933,-48.3775,6.912,25.289
Mittimatalik,2018,2018-09-10,SKIN,CM313,ARPI-2018-15,ARPI-2018-15,M,0,0,ARPI-2018-15,1,ECAG1,1,mean,23.2175,21.8345,25.3025,11.378,26.295,24.0795,8.8525,17.5155,16.609,31.767,16.1065,-45.8305,8.1165,26.8435
Mittimatalik,2018,2018-09-10,SKIN,CM314,ARPI-2018-18,ARPI-2018-18,M,0,0,ARPI-2018-18,1,ECAG1,1,mean,21.9365,20.58,24.1425,3.8965,26.97,24.476,7.0735,13.491,11.2605,31.704,15.102,-46.9735,10.1885,26.9065
Mittimatalik,2019,2019-08-18,SKIN,CM315,ARPI-2019-01,ARPI-2019-01,M,0,0,ARPI-2019-01,1,ECAG1,1,mean,22.469,22.5955,26.1305,7.556,24.456,24.4205,7.412,17.4035,15.3905,33.952,17.6685,-43.5515,10.4605,27.39
Mittimatalik,2019,2019-08-18,SKIN,CM316,ARPI-2019-02,ARPI-2019-02,M,0,0,ARPI-2019-02,1,ECAG1,1,mean,23.2935,23.2685,26.469,5.031,25.66,24.9755,8.479,15.7165,15.788,33.2015,17.302,-45.4515,9.1805,27.7545
Mittimatalik,2019,2019-08-18,SKIN,CM317,ARPI-2019-03 ,ARPI-2019-03 ,M,0,0,ARPI-2019-03 ,1,ECAG1,1,mean,22.84,22.5075,25.9015,6.946,25.156,24.4495,8.8195,16.403,14.6705,33.9085,17.8565,-41.4005,9.181,26.928
Mittimatalik,2019,2019-08-19,SKIN,CM318,ARPI-2019-04,ARPI-2019-04,F,0,0,ARPI-2019-04,1,ECAG1,1,mean,22.7895,20.4795,23.4135,5.115,24.332,24.084,5.4105,15.008,14.0975,31.6045,15.7325,-47.2985,7.304,25.54
Mittimatalik,2019,2019-08-21,SKIN,CM319,ARPI-2019-06,ARPI-2019-06,F,0,0,ARPI-2019-06,1,ECAG1,1,mean,22.2125,20.605,23.46,9.0735,22.998,23.7215,5.922,15.1625,12.437,30.776,15.494,-46.776,6.226,25.3225
Mittimatalik,2019,2019-08-21,SKIN,CM320,ARPI-2019-07,ARPI-2019-07,M,0,0,ARPI-2019-07,1,ECAG1,1,mean,22.2545,20.855,23.568,6.357,23.347,23.864,6.8255,17.1045,14.79,32.3175,16.1025,-45.477,9.9945,25.612
Mittimatalik,2019,2019-08-29,SKIN,CM321,ARPI-2019-08,ARPI-2019-08,M,0,0,ARPI-2019-08,1,ECAG1,1,mean,22.7725,21.193,23.9325,4.712,25.1575,24.713,5.08,15.7755,12.7945,32.169,15.4875,-48.596,10.928,25.9965
Mittimatalik,2019,2019-08-29,SKIN,CM322,ARPI-2019-09,ARPI-2019-09,F,0,0,ARPI-2019-09,1,ECAG1,1,mean,22.4935,20.3845,23.6685,7.905,23.0075,23.171,5.6625,14.9825,13.7875,31.3735,13.434,-51.0295,6.659,25.001
Mittimatalik,2019,2019-08-29,SKIN,CM323,ARPI-2019-10,ARPI-2019-10,M,0,0,ARPI-2019-10,1,ECAG1,1,mean,23.1075,20.914,24.5065,11.3145,25.0665,24.3085,6.4645,16.7235,13.1865,31.5735,15.261,-48.7255,10.3535,25.846
Mittimatalik,2019,2019-08-29,SKIN,CM324,ARPI-2019-11,ARPI-2019-11,F,0,0,ARPI-2019-11,1,ECAG1,1,mean,20.828,19.589,23.17,6.907,22.549,23.116,5.1155,15.4215,12.423,31.1765,14.819,-48.0265,6.877,24.5955
Ittoqqortoormiit,2021,,SKIN,CM325,GRNL-KW-2021-01,GRNL-KW-2021-01,F,0,0,GRNL-KW-2021-01,1,ECAG1,1,mean,21.1055,18.874,22.45,13.5625,24.337,23.087,5.8475,14.6295,11.8865,27.356,13.115,-45.983,6.0285,23.9605
Nuuk,2021,2021-11-25,SKIN,CM326,GRNL-KW-2021-02,GRNL-KW-2021-02,F,0,0,GRNL-KW-2021-02,1,ECAG2,1,mean,23.7975,21.1365,25.0295,11.5365,23.83,24.621,6.3115,14.9305,10.373,29.01,14.256,-36.0295,9.7335,26.563
Ittoqqortoormiit,2021,,SKIN,CM327,GRNL-KW-2021-03,GRNL-KW-2021-03,M,0,0,GRNL-KW-2021-03,1,ECAG1,1,mean,21.746,20.678,23.529,-1.555,23.799,22.6665,6.304,16.254,16.479,29.133,15.6915,-50.003,5.998,24.528
Pangnirtung,2021,2021-08-19,SKIN,CM328,KW-2021-PG-03,Kw-2021-PG-03,M,0,1,KW-2020-PG-01,1,ECAG1,1,mean,22.982,20.5895,24.0925,5.9995,24.52,24.474,4.975,14.5895,11.9385,30.616,15.091,-49.794,7.468,26.195
Pangnirtung,2021,2021-08-19,SKIN,CM329,KW-2021-PG-04,Kw-2021-PG-04,F,0,0,Kw-2021-PG-04,1,ECAG1,1,mean,21.6905,20.1855,23.534,4.2285,23.5455,23.8305,4.061,14.2955,11.438,30.8655,14.5455,-49.714,5.74,25.8255
Pangnirtung,2021,2021-08-19,SKIN,CM330,KW-2021-PG-05,Kw-2021-PG-05,F,0,1,KW-2020-PG-03,1,ECAG1,1,mean,21.63,20.3015,23.2365,7.8685,23.539,23.7335,6.5355,14.6485,12.34,29.9235,14.5645,-49.5815,9.997,25.5065
Pangnirtung,2021,2021-08-29,SKIN,CM331,KW-2021-PG-06,Kw-2021-PG-06,M,0,1,ARPI-2018-02 ,1,ECAG1,1,mean,22.0425,21.4145,23.8365,5.0995,24.342,24.4895,5.92,14.6695,13.3405,32.3025,16.3215,-46.4315,8.8355,26.1835
Pangnirtung,2021,,SKIN,CM332,KW-2021-PG-08,Kw-2021-PG-08,M,1,2,ARPI4005,1,ECAG1,,mean,22.747,21.5895,24.87,5.5755,25.338,24.541,6.1635,17.38,15.234,32.884,17.493,-45.9305,11.8125,26.1795
Pangnirtung,2021,,SKIN,CM333,KW-2021-PG-XX,Kw-2021-PG-XX,M,2,3,ARPI4005,1,ECAG1,1,mean,22.569,22.0175,24.394,6.4485,24.5435,24.2345,5.9745,17.1875,14.8135,32.7315,16.7725,-46.7275,12.569,26.1825
St. P & M,2021,2021-06-25,SKIN,CM334,OR21-1,OR21-1,F,0,0,OR21-1,1,ECAG1,1,mean,22.486,20.883,23.658,9.0615,23.1065,23.822,5.0625,14.761,13.5705,31.7875,15.2025,-46.9445,3.4285,25.6555
St. P & M,2021,2021-06-25,SKIN,CM335,OR21-2,OR21-2,M,0,0,OR21-2,1,ECAG1,1,mean,23.4055,22.1355,25.1195,12.534,24.0345,24.7085,8.247,16.52,15.3455,31.979,18.2405,-42.496,9.7585,27.0135
St. P & M,2021,2021-06-25,SKIN,CM336,OR21-3,OR21-3,M,0,0,OR21-3,1,ECAG1,1,mean,22.0647,20.6963,24.2627,13.6827,23.439,23.729,6.5403,14.244,11.245,30.1147,14.7227,-49.7043,8.3977,26.1803
Mittimatalik,2022,2022-10-10,SKIN,CM337,KW-2022-PI-01,KW-2022-PI-01,F,0,2,ARPI-2018-13,1,ECAG1,1,mean,22.9375,22.4025,26.414,6.406,23.877,25.1345,7.6755,16.1495,15.803,33.504,16.21,-45.0085,9.208,26.6915
Newfoundland,2022,,SKIN,CM297,KW-Nfld-22-25,KW-Nfld-22-25,M,0,0,KW-Nfld-22-25,1,ECAG1,1,mean,22.54,21.40,24.99,9.87,27.20,25.34,7.20,16.97,15.10,31.34,16.92,-39.09,6.75,26.55
Pangnirtung,2013,2013-08-12,SKIN,CM118,ARPG-2013-01,Pang2003-01,F,0,0,Pang2013-01,1,ECAG2,1,se,0.5254,0.5586,0.053,0.5933,0.4907,0.0127,0.1541,,0.536,0.099,0.4236,0.8146,,0.3345
Mittimatalik,2013,2013-08-11,SKIN,CM119,ARPI-2013-01,ARPI4001,F,0,1,ARPI4001,1,ECAG1,1,se,0.1054,0.4596,0.2899,0.2362,0.2418,0.0799,0.792,,0.152,0.6279,0.215,0.3069,,0.0269
Mittimatalik,2013,2013-08-11,SKIN,CM121,ARPI-2013-03,ARPI4003,F,1,0,ARPI4003,1,ECAG1,,se,0.2475,0.0431,0.355,0.8231,0.7623,0.3366,0.833,,0.0785,0.6732,0.1754,0.2828,,0.1287
Mittimatalik,2013,2013-08-11,SKIN,CM122,ARPI-2013-04,ARPI4004,F,2,0,ARPI4003,1,ECAG1,1,se,1.5706,0.3706,0.4763,1.5431,0.7233,1.2107,0.5107,,0.7636,1.2145,1.506,0.3175,,1.6024
Mittimatalik,2013,2013-08-11,SKIN,CM123,ARPI-2013-05,ARPI4005,M,0,1,ARPI4005,1,ECAG1,,se,0.0021,0.7029,0.0573,0.053,0.128,0.0481,0.2609,,0.7043,0.9786,0.0969,0.6626,0.7156,0.1556
Mittimatalik,2013,2013-08-11,SKIN,CM124,ARPI-2013-06,ARPI4006,F,0,1,ARPI4006,1,ECAG1,1,se,0.5056,0.1676,0.1527,0.2192,1.7522,0.606,0.1047,0.9822,0.1011,0.3005,0.4207,0.0403,0.4448,0.362
Mittimatalik,2013,2013-08-11,SKIN,CM125,ARPI-2013-07,ARPI4007,M,0,0,ARPI4007,1,ECAG1,1,se,0.8372,0.3288,0.1874,0.6633,0.8719,0.2581,1.0501,0.0064,0.5918,0.1181,0.2447,0.4038,0.1803,0.1138
Pangnirtung,2020,2020-08-05,SKIN,CM262,KW-2020-PG-01,KW-2020-PG-01,M,1,2,KW-2020-PG-01,1,ECAG1,,se,0.1167,0.2143,0.1662,0.1881,0.082,0.1329,0.0014,0.7637,0.1563,0.0389,0.3132,0.152,0.5077,0.1202
Pangnirtung,2020,2020-08-05,SKIN,CM263,KW-2020-PG-02,KW-2020-PG-02,F,0,0,KW-2020-PG-02,1,ECAG1,1,se,0.2489,0.2206,0.1655,0.029,0.4872,0.2835,1.1554,1.1038,0.2086,0.1605,0.4646,0.2362,0.0233,0.2284
Pangnirtung,2020,2020-08-05,SKIN,CM264,KW-2020-PG-03,KW-2020-PG-03,F,1,2,KW-2020-PG-03,1,ECAG1,,se,0.07,0.5268,0.2072,0.0141,0.2892,0.3734,0.1973,0.2128,0.3458,0.1612,0.0806,0.0636,0.961,0.2157
Pangnirtung,2020,2020-08-05,SKIN,CM265,KW-2020-PG-04,KW-2020-PG-04,M,1,0,KW-2020-PG-04,1,ECAG1,,se,0.1322,0.2256,0.0573,0.2135,0.2977,0.082,0.1831,0.2609,0.5515,0.0396,0.239,0.5636,0.8351,0.0431
Pangnirtung,2020,2020-08-06,SKIN,CM266,KW-2020-PG-05,KW-2020-PG-05,M,0,0,KW-2020-PG-05,1,ECAG1,1,se,0.7481,0.3889,0.4101,0.5558,0.1598,0.3182,0.5565,0.4349,0.6032,0.046,0.1959,0.7198,0.7212,0.2708
Pangnirtung,2020,2020-08-06,SKIN,CM267,KW-2020-PG-06,KW-2020-PG-06,F,1,2,ARPI4006,1,ECAG1,,se,0.5247,0.0544,0.0919,0.2828,0.0721,0.0255,0.0212,0.659,0.3083,0.0672,0.1838,0.8019,1.7565,0.5028
Pangnirtung,2020,2020-08-06,SKIN,CM268,KW-2020-PG-07,KW-2020-PG-07,F,2,3,KW-2020-PG-03,1,ECAG1,,se,0.2991,0.2454,0.3514,0.0509,0.9023,0.2468,0.3797,0.4236,0.3189,0.3677,0.3578,0.0438,0.1888,0.1336
Pangnirtung,2020,2020-08-06,SKIN,CM269,KW-2020-PG-08,KW-2020-PG-08,F,0,0,KW-2020-PG-08,0,ECAG1,,se,0.0976,0.0262,0.0651,0.0488,0.7283,0.2524,0.2602,0.3253,0.6053,0.053,0.1725,0.3345,0.1252,0.0226
Pangnirtung,2020,2020-08-06,SKIN,CM270,KW-2020-PG-09,KW-2020-PG-09,F,1,0,KW-2020-PG-09,1,ECAG1,1,se,0.1138,0.0587,0.0085,0.3253,0.0693,0.0679,0.1584,0.0297,0.729,0.099,0.2623,0.1549,0.647,0.0933
Pangnirtung,2020,2020-08-06,SKIN,CM271,KW-2020-PG-10,KW-2020-PG-10,M,0,0,KW-2020-PG-10,0,ECAG1,,se,0.1047,0.1395,0.1541,0.0643,0.205,0.1875,0.3024,0.4853,0.2982,0.5115,0.1991,0.177,0.9024,0.2925
Pangnirtung,2020,2020-08-06,SKIN,CM272,KW-2020-PG-11,KW-2020-PG-11,F,0,0,KW-2020-PG-11,1,ECAG1,1,se,0.2044,0.0035,0.0651,0.1322,0.1301,0.0849,0.0156,0.4561,0.3154,0.3592,0.0297,0.0863,0.1237,0.1754
Pangnirtung,2020,2020-08-06,SKIN,CM273,KW-2020-PG-12,KW-2020-PG-12,M,2,3,KW-2020-PG-01,1,ECAG1,,se,0.1902,0.1718,0.0417,0.053,0.0255,0.0544,0.1075,0.0856,0.8344,0.0014,0.0297,0.3231,0.0856,0.0955
Pangnirtung,2020,2020-08-26,SKIN,CM274,KW-2020-PG-13,KW-2020-PG-13,M,0,0,KW-2020-PG-13,0,ECAG1,,se,0.2779,0.2319,0.0205,0.0318,0.128,0.2143,0.1237,0.1789,0.2404,0.2758,0.2942,0.0643,0.3429,0.2779
Pangnirtung,2020,2020-08-26,SKIN,CM275,KW-2020-PG-14,KW-2020-PG-14,M,0,0,KW-2020-PG-14,0,ECAG1,,se,0.1428,0.3062,0.0368,0.2277,0.2567,0.1379,0.3875,0.0184,0.9751,0.046,0.0594,0.1662,0.2489,0.367
Pangnirtung,2020,2020-08-26,SKIN,CM276,KW-2020-PG-15,KW-2020-PG-15,F,0,0,KW-2020-PG-15,1,ECAG1,1,se,1.277,0.0205,0.0212,0.1075,0.0389,0.0453,0.1725,1.0614,0.4568,0.3599,0.4398,0.2454,0.8393,0.1881
Pangnirtung,2020,2020-08-26,SKIN,CM277,KW-2020-PG-16,KW-2020-PG-16,F,0,0,KW-2020-PG-16,1,ECAG1,1,se,0.524,0.1549,0.1365,0.5657,0.886,0.6809,0.6201,1.7176,0.5629,0.6611,0.7608,1.0281,0.2729,0.058
Pangnirtung,2020,2020-08-26,SKIN,CM278,KW-2020-PG-17,KW-2020-PG-17,M,1,0,KW-2020-PG-17,1,ECAG1,1,se,0.0771,0.4434,0.2447,0.0276,0.07,0.1146,0.3974,0.1945,0.7177,0.9065,0.0297,0.0042,0.7898,0.1032
Pangnirtung,2020,2020-08-26,SKIN,CM279,KW-2020-PG-18,KW-2020-PG-18,F,2,3,ARPI4006,1,ECAG1,,se,0.1916,0.1457,0.4356,0.0905,0.2949,0.3698,0.4122,2.4537,0.2086,1.3173,0.07,0.4844,0.5452,0.4356
Pangnirtung,2020,2020-08-26,SKIN,CM280,KW-2020-PG-19,KW-2020-PG-19,F,2,0,KW-2020-PG-09,1,ECAG1,,se,0.0332,0.1386,0.0905,0.0721,0.524,0.3274,0.3224,0.7785,0.1556,0.4087,0.2015,0.7241,0.1838,0.2079
Pangnirtung,2020,2020-08-26,SKIN,CM281,KW-2020-PG-20,KW-2020-PG-20,M,2,0,KW-2020-PG-04,1,ECAG1,1,se,0.693,0.5621,0.0926,0.4299,0.7212,0.0247,0.5091,0.2496,0.0983,0.0481,0.2432,0.4476,1.1646,0.1598
Pangnirtung,2020,2020-08-26,SKIN,CM282,KW-2020-PG-21,KW-2020-PG-21,F,0,2,ARPI4001,1,ECAG1,,se,0.4723,0.0354,0.3642,0.4306,0.828,0.3917,1.4312,0.5685,0.1322,0.1082,0.0926,0.9298,0.7255,0.0474
Pangnirtung,2020,2020-08-26,SKIN,CM283,KW-2020-PG-22,KW-2020-PG-22,F,0,0,KW-2020-PG-22,1,ECAG1,1,se,0.0594,0.413,0.0509,0.0403,0.4271,0.0325,0.3578,0.7538,0.432,0.094,0.0891,0.239,0.2708,0.0587
Pangnirtung,2020,2020-08-30,SKIN,CM284,KW-2020-PG-23,KW-2020-PG-23,M,2,0,KW-2020-PG-17,1,ECAG1,,se,0.2164,0.1669,0.4851,0.3012,0.0233,0.1393,0.7828,1.0013,0.227,0.5819,0.6208,0.1322,0.6633,0.7792
Pangnirtung,2020,2020-08-30,SKIN,CM285,KW-2020-PG-24,KW-2020-PG-24,M,0,0,KW-2020-PG-24,1,ECAG1,1,se,0.1216,0.0141,0.2531,0.7672,0.7764,0.128,0.2355,0.0926,0.5218,0.2553,0.2036,0.1301,0.1662,0.2418
Mittimatalik,2020,2020-08-18,SKIN,CM286,KW-2020-PI-02,KW-2020-PI-02,F,0,0,KW-2020-PI-02,1,ECAG1,1,se,0.6619,0.0742,0.0071,0.2135,0.0686,0.0219,1.4545,0.5749,0.3316,1.1024,0.2312,0.7665,0.6173,0.0396
Mittimatalik,2020,2020-08-27,SKIN,CM287,KW-2020-PI-03,KW-2020-PI-03,M,0,0,KW-2020-PI-03,1,ECAG1,1,se,0.1655,0.4087,0.0438,0.9836,0.2171,0.6491,0.5558,0.3302,1.0119,0.2234,0.1591,0.5883,0.0198,0.8337
Mittimatalik,2020,2020-08-27,SKIN,CM288,KW-2020-PI-05,KW-2020-PI-05,F,1,0,KW-2020-PI-05,1,ECAG1,,se,0.5777,0.5303,0.3345,0.5501,0.2341,0.1881,1.5754,0.0841,0.8853,0.3967,0.0757,0.0417,1.3449,0.4511
Mittimatalik,2020,2020-08-27,SKIN,CM289,KW-2020-PI-06,KW-2020-PI-06,F,2,0,KW-2020-PI-05,1,ECAG1,1,se,0.0255,0.2008,0.3804,0.2143,0.0346,0.0325,1.5252,0.4398,0.1308,0.2326,0.2185,0.4815,0.1838,0.3026
Mittimatalik,2020,2020-08-27,SKIN,CM290,KW-2020-PI-07,KW-2020-PI-07,F,0,0,KW-2020-PI-07,1,ECAG1,1,se,0.0184,0.0389,0.0544,0.1619,0.0806,0.0679,0.2729,0.589,0.1556,0.1054,0.0156,0.3147,0.1209,0.1704
Mittimatalik,2020,2020-08-27,SKIN,CM291,KW-2020-PI-08,KW-2020-PI-08,F,0,0,KW-2020-PI-08,1,ECAG1,1,se,0.292,0.2065,0.3486,0.4879,0.6746,0.1888,1.6497,0.6611,0.2942,0.6746,0.1499,0.9673,0.7884,0.0304
Mittimatalik,2020,2020-08-28,SKIN,CM292,KW-2020-PI-10,KW-2020-PI-10,M,0,0,KW-2020-PI-10,1,ECAG1,1,se,0.0827,0.1216,0.1824,0.029,0.693,0.0587,1.1582,0.3854,0.0728,0.1322,0.0665,0.3154,0.5183,0.0445
Mittimatalik,2020,2020-08-28,SKIN,CM293,KW-2020-PI-12,KW-2020-PI-12,F,0,0,KW-2020-PI-12,1,ECAG1,1,se,0.0012,0.2229,0.2777,0.1518,0.1772,0.0185,0.4284,1.082,0.2991,0.6865,0.5121,0.0491,0.5416,0.0115
Mittimatalik,2020,2020-09-04,SKIN,CM294,KW-2020-PI-13,KW-2020-PI-13,M,0,0,KW-2020-PI-13,1,ECAG1,1,se,0.7402,0.276,0.0381,0.3678,0.4238,0.1686,0.1045,0.2575,0.3401,0.015,0.1772,0.4353,0.6553,0.7482
Mittimatalik,2020,2020-09-04,SKIN,CM295,KW-2020-PI-14,KW-2020-PI-14,M,0,0,KW-2020-PI-14,1,ECAG1,1,se,0.004,0.0364,0.1236,0.183,0.1374,0.1484,0.6484,0.1876,0.2298,0.1622,0.0785,0.1045,0.7546,0.0352
Mittimatalik,2020,2020-09-04,SKIN,CM296,KW-2020-PI-15,KW-2020-PI-15,F,0,0,KW-2020-PI-15,1,ECAG1,1,se,0.2887,0.0727,0.2177,0.1484,0.1732,0.1709,1.2771,0.0098,0.1293,0.0064,0.0387,0.6195,0.7806,0.2944
Tasiilaq,2012,2012-08-21,SKIN,CM298,48336,48336,F,0,0,48336,1,ECAG2,1,se,0.1386,0.1237,0.1782,0.1718,0.5798,0.4313,0.8591,0.3125,0.2638,0.6541,0.0325,0.4243,1.5394,0.4808
Tasiilaq,2012,2012-08-21,SKIN,CM299,48337,48337,M,0,0,48337,1,ECAG2,1,se,0.5565,0.0856,0.2341,0.1725,0.3507,0.1096,0.4193,0.7693,0.0863,0,0.5268,0.3656,0.0969,0.4985
Tasiilaq,2012,2012-08-21,SKIN,CM300,48338,48338,F,0,0,48338,1,ECAG2,,se,0.0523,0.0028,0.0014,0.0318,1.0416,0.9907,0.3783,0.5494,0.7361,0.2206,0.1513,0.186,1.7777,0.4865
Tasiilaq,2012,2012-08-21,SKIN,CM301,48339,48339,M,0,0,48339,1,ECAG2,,se,0.5119,0.4646,0.193,0.0035,0.0028,0.1153,0.0707,0.263,0.1612,0.2991,0.35,0.0283,0.9171,0.0163
Tasiilaq,2012,2012-08-21,SKIN,CM302,48341,48341,M,0,0,48341,1,ECAG2,1,se,0.1471,0.4554,0.1789,0.1322,0.2977,0.0042,1.777,1.7664,0.2835,0.1096,0.1732,0.3125,0.1648,0.6307
Tasiilaq,2012,2012-08-21,SKIN,CM303,48342,48342,F,0,0,48342,1,ECAG2,1,se,0.9751,0.8012,0.6831,0.8485,1.1604,0.2616,0.2496,0.9228,0.5091,1.0119,0.186,0.256,1.5281,0.891
Mittimatalik,2018,2018-08-27,SKIN,CM306,ARPI-2018-01,ARPI-2018-01,F,0,0,ARPI-2018-01,1,ECAG1,1,se,0.07,0.2708,0.3076,0.2143,0.3048,0.0523,0.222,0.413,0.2164,0.1796,0.058,0.0757,0.1782,0.5515
Mittimatalik,2018,2018-08-27,SKIN,CM307,ARPI-2018-02 ,ARPI-2018-02 ,M,0,2,ARPI-2018-02 ,1,ECAG1,,se,0.0841,0.3967,0.4822,0.2468,0.0127,0.0728,1.2367,0.8266,0.1676,0.2835,0.5855,0.7608,0.6484,0.1563
Mittimatalik,2018,2018-08-27,SKIN,CM308,ARPI-2018-03 ,ARPI-2018-03 ,M,0,0,ARPI-2018-03 ,0,ECAG1,,se,0.1492,0.0955,0.2051,0.116,1.1087,0.5749,0.3769,0.0205,0.3557,0.2539,0.4738,0.384,0.227,0.6392
Mittimatalik,2018,2018-08-27,SKIN,CM309,ARPI-2018-05 ,ARPI-2018-05 ,F,0,0,ARPI-2018-05 ,0,ECAG1,,se,0.3246,0.0559,0.0339,0.4716,0.5961,0.3019,0.2206,0.7658,0.3939,0.3253,0.7976,0.2383,1.2912,0.2022
Mittimatalik,2018,2018-08-27,SKIN,CM310,ARPI-2018-06,ARPI-2018-06,F,0,0,ARPI-2018-06,0,ECAG1,,se,0.4023,0.483,0.5904,0.1287,0.5904,0.0742,0.8033,0.7835,0.1789,0.3677,0.3111,0.5388,0.3585,0.3677
Mittimatalik,2018,2018-09-08,SKIN,CM311,ARPI-2018-10,ARPI-2018-10,F,0,0,ARPI-2018-10,1,ECAG1,1,se,0.4716,0.292,0.1605,0.145,0.3444,0.6626,0.8139,1.0048,0.3783,1.0083,0.0919,0.1294,1.2735,0.3231
Mittimatalik,2018,2018-09-08,SKIN,CM312,ARPI-2018-13,ARPI-2018-13,F,0,1,ARPI-2018-13,1,ECAG1,,se,0.2913,0.4653,0.6682,0.821,1.1017,0.6852,0.1202,0.3472,0.8125,0.7248,0.997,0.7022,0.3182,0.5388
Mittimatalik,2018,2018-09-10,SKIN,CM313,ARPI-2018-15,ARPI-2018-15,M,0,0,ARPI-2018-15,1,ECAG1,1,se,0.2524,0.49,0.2298,0.3592,1.5358,0.2242,0.6626,0.4632,0.1952,0.5445,1.1194,0.5706,0.1096,0.3585
Mittimatalik,2018,2018-09-10,SKIN,CM314,ARPI-2018-18,ARPI-2018-18,M,0,0,ARPI-2018-18,1,ECAG1,1,se,0.3514,0.2263,0.3486,0.053,1.4595,0.4228,0.2199,0.5756,0.2411,0.0184,0.1683,0.0587,1.3881,0.7149
Mittimatalik,2019,2019-08-18,SKIN,CM315,ARPI-2019-01,ARPI-2019-01,M,0,0,ARPI-2019-01,1,ECAG1,1,se,0.0679,0.046,0.2128,0.1174,0.2673,0.2298,0.6505,1.2113,0.2227,0.082,0.1747,0.3854,0.4405,0.3055
Mittimatalik,2019,2019-08-18,SKIN,CM316,ARPI-2019-02,ARPI-2019-02,M,0,0,ARPI-2019-02,1,ECAG1,1,se,0.1732,0.4052,0.0863,0.0523,0.3154,0.1916,0.7877,0.2128,0.5487,0.3005,0.164,0.7092,1.1971,0.0148
Mittimatalik,2019,2019-08-18,SKIN,CM317,ARPI-2019-03 ,ARPI-2019-03 ,M,0,0,ARPI-2019-03 ,1,ECAG1,1,se,0.5332,0.3642,0.1916,0.0424,0.1004,0.152,0.0106,0.1315,0.2171,0.1676,0.548,0.3415,0.2517,0.2192
Mittimatalik,2019,2019-08-19,SKIN,CM318,ARPI-2019-04,ARPI-2019-04,F,0,0,ARPI-2019-04,1,ECAG1,1,se,0.2341,0.1803,0.1633,0.1075,1.3053,0.5332,0.7092,1.0536,0.7771,0.7375,0.0686,0.3005,0.9447,0
Mittimatalik,2019,2019-08-21,SKIN,CM319,ARPI-2019-06,ARPI-2019-06,F,0,0,ARPI-2019-06,1,ECAG1,1,se,0.1153,0.1032,0.0665,0.0389,0.6901,0.3062,0.6718,0.0134,0.1499,0.1669,0.3182,0.0042,0.7113,0.1973
Mittimatalik,2019,2019-08-21,SKIN,CM320,ARPI-2019-07,ARPI-2019-07,M,0,0,ARPI-2019-07,1,ECAG1,1,se,0.128,0.1004,0.297,0.3734,0.8259,0.4002,0.6173,1.0925,0.4709,0.0559,0.3161,0.8103,1.2862,0.4624
Mittimatalik,2019,2019-08-29,SKIN,CM321,ARPI-2019-08,ARPI-2019-08,M,0,0,ARPI-2019-08,1,ECAG1,1,se,0.0813,0.0877,0.0587,0.1541,0.2171,0.0552,0.3182,0.4023,0.4547,0.7085,0.2185,0.4002,0.2857,0.0714
Mittimatalik,2019,2019-08-29,SKIN,CM322,ARPI-2019-09,ARPI-2019-09,F,0,0,ARPI-2019-09,1,ECAG1,1,se,0.3415,0.1831,0.0233,0.2079,0.0177,0.0057,0.3613,0.1916,0.2595,0.111,0.5176,0.3062,0.8556,0.1372
Mittimatalik,2019,2019-08-29,SKIN,CM323,ARPI-2019-10,ARPI-2019-10,M,0,0,ARPI-2019-10,1,ECAG1,1,se,0.251,0.181,0.3048,0.0064,0.0233,0.2567,0.9793,0.6809,0.5056,0.2864,0.6237,0.4405,0.5508,0.239
Mittimatalik,2019,2019-08-29,SKIN,CM324,ARPI-2019-11,ARPI-2019-11,F,0,0,ARPI-2019-11,1,ECAG1,1,se,0.3168,0.1216,0.017,0.3719,0.7043,0.4172,0.9482,0.9892,0.4837,0.2991,0.1541,0.0884,0.6435,0.4137
Ittoqqortoormiit,2021,,SKIN,CM325,GRNL-KW-2021-01,GRNL-KW-2021-01,F,0,0,GRNL-KW-2021-01,1,ECAG1,1,se,0.5169,0.5685,0.0339,0.466,0.6336,0.9023,0.1902,0.2312,0.1831,0.1725,0.3465,0.898,0.9454,0.1393
Nuuk,2021,2021-11-25,SKIN,CM326,GRNL-KW-2021-02,GRNL-KW-2021-02,F,0,0,GRNL-KW-2021-02,1,ECAG2,1,se,0.3698,0.3132,0.227,0.4801,0.1952,0.0283,0.244,0.0757,0.024,0.2913,0.1711,0.0007,1.4701,0.2814
Ittoqqortoormiit,2021,,SKIN,CM327,GRNL-KW-2021-03,GRNL-KW-2021-03,M,0,0,GRNL-KW-2021-03,1,ECAG1,1,se,0.2503,0.3465,0.0905,0.082,1.5288,0.367,0.8499,1.1512,0.4681,0.3012,0.4094,0.3734,0.0594,0.3352
Pangnirtung,2021,2021-08-19,SKIN,CM328,KW-2021-PG-03,Kw-2021-PG-03,M,0,1,KW-2020-PG-01,1,ECAG1,1,se,0.0311,0.1492,0.0262,0.5593,0.338,0.0283,1.1766,0.1506,0.2722,0.0424,0.0764,0.5148,0.2305,0.1895
Pangnirtung,2021,2021-08-19,SKIN,CM329,KW-2021-PG-04,Kw-2021-PG-04,F,0,0,Kw-2021-PG-04,1,ECAG1,1,se,0.0629,0.0969,0.1428,0.0177,0.2425,0.1237,0.0156,0.2878,0.2079,0.3712,0.1478,0.5162,0.0438,0.1209
Pangnirtung,2021,2021-08-19,SKIN,CM330,KW-2021-PG-05,Kw-2021-PG-05,F,0,1,KW-2020-PG-03,1,ECAG1,1,se,0.2673,0.309,0.1407,0.763,0.9687,0.0983,0.3019,0.2312,0.0594,0.4674,0.3896,0.6201,0.2913,0.2722
Pangnirtung,2021,2021-08-29,SKIN,CM331,KW-2021-PG-06,Kw-2021-PG-06,M,0,1,ARPI-2018-02 ,1,ECAG1,1,se,0.251,0.193,0.145,0.1237,0.9136,0.4914,1.27,1.0684,0.507,1.0161,0.0219,0.326,0.507,0.1704
Pangnirtung,2021,,SKIN,CM332,KW-2021-PG-08,Kw-2021-PG-08,M,1,2,ARPI4005,1,ECAG1,,se,0.3479,0.1124,0.3917,0.087,1.0168,0.3564,0.8337,0.4695,0.652,0.3479,0.116,0.4165,0.4646,0.1336
Pangnirtung,2021,,SKIN,CM333,KW-2021-PG-XX,Kw-2021-PG-XX,M,2,3,ARPI4005,1,ECAG1,1,se,0.2447,0.4306,0.1315,0.1266,1.0175,0.4815,0.8902,0.0163,0.3189,0.1803,0.07,0.3896,0.7071,0.1138
St. P & M,2021,2021-06-25,SKIN,CM334,OR21-1,OR21-1,F,0,0,OR21-1,1,ECAG1,1,se,0.3606,0.2531,0.2305,0.2934,0.2355,0.2701,0.7375,0.2036,0.5424,0.3458,0.3543,0.6682,0.3076,0.2256
St. P & M,2021,2021-06-25,SKIN,CM335,OR21-2,OR21-2,M,0,0,OR21-2,1,ECAG1,1,se,0.0643,0.2114,0.0742,0.338,1.6002,0.7729,0.5911,1.7112,0.0007,0.3069,0.0389,0.5077,1.7048,0.0983
St. P & M,2021,2021-06-25,SKIN,CM336,OR21-3,OR21-3,M,0,0,OR21-3,1,ECAG1,1,se,0.391,0.2088,0.3571,0.2701,1.4222,0.4734,1.174,0.6254,0.7124,0.1343,0.3959,0.5954,1.1139,0.3635
Mittimatalik,2022,2022-10-10,SKIN,CM337,KW-2022-PI-01,KW-2022-PI-01,F,0,2,ARPI-2018-13,1,ECAG1,1,se,0.3104,0.4448,0.2475,0.9093,0.8811,0.77,0.8266,1.2226,0.478,0.2263,0.222,0.5452,0.4059,0.3373
Newfoundland,2022,,SKIN,CM297,KW-Nfld-22-25,KW-Nfld-22-25,M,0,0,KW-Nfld-22-25,1,ECAG1,1,se,0.16,0.54,0.14,0.22,0.80,0.15,0.87,0.17,0.23,0.41,0.99,0.43,0.88,0.36